[1mstorybook v9.1.10[22m[0m
[0m
info => Serving static files from [36m./.\apps\docs\.storybook\public[39m at [36m/[39m
info => Serving static files from [36m./.\packages\assets\visual-alpha[39m at [36m/visual-alpha[39m
info => Serving static files from [36m./.\packages\assets\robots[39m at [36m/robots[39m
info => Serving static files from [36m./.\apps\docs\node_modules\@lk-robotics\lds-core\assets[39m at [36m/assets[39m
info => Serving static files from [36m./.\apps\docs\node_modules\@lk-robotics\lds-product\assets[39m at [36m/assets[39m
info => Starting manager..
info => Starting preview..
info Using tsconfig paths for react-docgen
╭─────────────────────────────────────────────────────────────────────╮
│                                                                     │
│   [38;2;162;224;94mStorybook [1m9.1.10[22m for [1mreact-vite[22m started[39m                           │
│   [90m[4m394 ms[24m for manager and [4m603 ms[24m for preview[39m                         │
│                                                                     │
│   Local:            [36mhttp://localhost:6007/[39m                          │
│   On your network:  [36mhttp://127.0.0.1:6007/[39m                          │
│                                                                     │
│   [38;2;243;173;56mA new version ([1m10.5.4[22m) is available![39m                              │
│                                                                     │
│   [90mUpgrade now:[39m [38;2;162;224;94mnpx storybook@latest upgrade[39m                         │
│                                                                     │
│   [90mRead full changelog:[39m                                              │
│   [90m[4mhttps://github.com/storybookjs/storybook/blob/main/CHANGELOG.md[24m[39m   │
│                                                                     │
╰─────────────────────────────────────────────────────────────────────╯
[2m오후 11:08:30[22m [36m[1m[vite][22m[39m [90m[2m(client)[22m[39m [32m✨ new dependencies optimized: [33m@react-three/drei[32m[39m
[2m오후 11:08:30[22m [36m[1m[vite][22m[39m [90m[2m(client)[22m[39m [32m✨ optimized dependencies changed. reloading[39m
[2m오후 11:17:08[22m [36m[1m[vite][22m[39m [90m[2m(client)[22m[39m [32mhmr update [39m[2m/@id/__x00__virtual:/@storybook/builder-vite/vite-app.js[22m
[2m오후 11:23:23[22m [36m[1m[vite][22m[39m [90m[2m(client)[22m[39m [32mhmr update [39m[2m/@fs/C:/Users/MSI/Documents/lds_ws/lk-design-system/packages/core/styles.css[22m
[2m오후 11:23:23[22m [36m[1m[vite][22m[39m [90m[2m(client)[22m[39m [32mhmr update [39m[2m/@fs/C:/Users/MSI/Documents/lds_ws/lk-design-system/packages/theme/styles.css[22m
[2m오후 11:23:23[22m [36m[1m[vite][22m[39m [90m[2m(client)[22m[39m [32mhmr update [39m[2m/@fs/C:/Users/MSI/Documents/lds_ws/lk-design-system/packages/product/styles.css[22m
[2m오후 11:23:23[22m [36m[1m[vite][22m[39m [90m[2m(client)[22m[39m [32mhmr update [39m[2m/@fs/C:/Users/MSI/Documents/lds_ws/lk-design-system/packages/core/styles.css[22m
[2m오후 11:23:23[22m [36m[1m[vite][22m[39m [90m[2m(client)[22m[39m [32mhmr update [39m[2m/@fs/C:/Users/MSI/Documents/lds_ws/lk-design-system/packages/theme/styles.css[22m
[2m오후 11:23:23[22m [36m[1m[vite][22m[39m [90m[2m(client)[22m[39m [32mhmr update [39m[2m/@fs/C:/Users/MSI/Documents/lds_ws/lk-design-system/packages/product/styles.css[22m
[2m오후 11:23:23[22m [36m[1m[vite][22m[39m [90m[2m(client)[22m[39m [32mhmr update [39m[2m/@fs/C:/Users/MSI/Documents/lds_ws/lk-design-system/packages/product/styles.css[22m
[2m오후 11:23:24[22m [36m[1m[vite][22m[39m [90m[2m(client)[22m[39m [32mhmr update [39m[2m/@fs/C:/Users/MSI/Documents/lds_ws/lk-design-system/packages/core/styles.css[22m
[2m오후 11:23:24[22m [36m[1m[vite][22m[39m [90m[2m(client)[22m[39m [32mhmr update [39m[2m/@fs/C:/Users/MSI/Documents/lds_ws/lk-design-system/packages/core/styles.css[22m
[2m오후 11:23:24[22m [36m[1m[vite][22m[39m [90m[2m(client)[22m[39m [32mhmr update [39m[2m/@fs/C:/Users/MSI/Documents/lds_ws/lk-design-system/packages/core/styles.css[22m
[2m오후 11:23:24[22m [36m[1m[vite][22m[39m [90m[2m(client)[22m[39m [32mhmr update [39m[2m/@fs/C:/Users/MSI/Documents/lds_ws/lk-design-system/packages/core/styles.css[22m
[2m오후 11:23:24[22m [36m[1m[vite][22m[39m [90m[2m(client)[22m[39m [32mhmr update [39m[2m/@fs/C:/Users/MSI/Documents/lds_ws/lk-design-system/packages/theme/styles.css[22m
[2m오후 11:23:24[22m [36m[1m[vite][22m[39m [90m[2m(client)[22m[39m [32mhmr update [39m[2m/@fs/C:/Users/MSI/Documents/lds_ws/lk-design-system/packages/theme/styles.css[22m
[2m오후 11:23:24[22m [36m[1m[vite][22m[39m [90m[2m(client)[22m[39m [32mhmr update [39m[2m/@fs/C:/Users/MSI/Documents/lds_ws/lk-design-system/packages/theme/styles.css[22m
[2m오후 11:23:24[22m [36m[1m[vite][22m[39m [90m[2m(client)[22m[39m [32mhmr update [39m[2m/@fs/C:/Users/MSI/Documents/lds_ws/lk-design-system/packages/theme/styles.css[22m
[2m오후 11:23:24[22m [36m[1m[vite][22m[39m [90m[2m(client)[22m[39m [32mhmr update [39m[2m/@fs/C:/Users/MSI/Documents/lds_ws/lk-design-system/packages/theme/styles.css[22m
[2m오후 11:23:24[22m [36m[1m[vite][22m[39m [90m[2m(client)[22m[39m [32mhmr update [39m[2m/@fs/C:/Users/MSI/Documents/lds_ws/lk-design-system/packages/theme/styles.css[22m
[2m오후 11:23:25[22m [36m[1m[vite][22m[39m [90m[2m(client)[22m[39m [32mpage reload [39m[2mC:/Users/MSI/Documents/lds_ws/lk-design-system/packages/core/dist/chunk-24ORA7K7.js[22m
[2m오후 11:23:25[22m [36m[1m[vite][22m[39m [90m[2m(client)[22m[39m [32mpage reload [39m[2mC:/Users/MSI/Documents/lds_ws/lk-design-system/packages/core/dist/chunk-26JWL545.js[22m
[2m오후 11:23:25[22m [36m[1m[vite][22m[39m [90m[2m(client)[22m[39m [32mpage reload [39m[2mC:/Users/MSI/Documents/lds_ws/lk-design-system/packages/core/dist/chunk-2QK3LAMG.js[22m
[2m오후 11:23:25[22m [36m[1m[vite][22m[39m [90m[2m(client)[22m[39m [32mpage reload [39m[2mC:/Users/MSI/Documents/lds_ws/lk-design-system/packages/core/dist/chunk-2UHM22L2.js[22m
[2m오후 11:23:25[22m [36m[1m[vite][22m[39m [90m[2m(client)[22m[39m [32mpage reload [39m[2mC:/Users/MSI/Documents/lds_ws/lk-design-system/packages/core/dist/chunk-44CXNPMX.js[22m
[2m오후 11:23:25[22m [36m[1m[vite][22m[39m [90m[2m(client)[22m[39m [32mpage reload [39m[2mC:/Users/MSI/Documents/lds_ws/lk-design-system/packages/core/dist/chunk-3SYW6PBT.js[22m
[2m오후 11:23:25[22m [36m[1m[vite][22m[39m [90m[2m(client)[22m[39m [32mpage reload [39m[2mC:/Users/MSI/Documents/lds_ws/lk-design-system/packages/core/dist/chunk-2ZQEGDYM.js[22m
[2m오후 11:23:25[22m [36m[1m[vite][22m[39m [90m[2m(client)[22m[39m [32mpage reload [39m[2mC:/Users/MSI/Documents/lds_ws/lk-design-system/packages/core/dist/chunk-44OFG2SM.js[22m
[2m오후 11:23:25[22m [36m[1m[vite][22m[39m [90m[2m(client)[22m[39m [32mpage reload [39m[2mC:/Users/MSI/Documents/lds_ws/lk-design-system/packages/core/dist/chunk-4KEL6LVF.js[22m
[2m오후 11:23:25[22m [36m[1m[vite][22m[39m [90m[2m(client)[22m[39m [32mpage reload [39m[2mC:/Users/MSI/Documents/lds_ws/lk-design-system/packages/core/dist/chunk-4IBAPO4L.js[22m
[2m오후 11:23:25[22m [36m[1m[vite][22m[39m [90m[2m(client)[22m[39m [32mpage reload [39m[2mC:/Users/MSI/Documents/lds_ws/lk-design-system/packages/core/dist/chunk-5WWAHFUC.js[22m
[2m오후 11:23:25[22m [36m[1m[vite][22m[39m [90m[2m(client)[22m[39m [32mpage reload [39m[2mC:/Users/MSI/Documents/lds_ws/lk-design-system/packages/core/dist/chunk-4RI7FOTH.js[22m
[2m오후 11:23:25[22m [36m[1m[vite][22m[39m [90m[2m(client)[22m[39m [32mpage reload [39m[2mC:/Users/MSI/Documents/lds_ws/lk-design-system/packages/core/dist/chunk-4S3NAPS2.js[22m
[2m오후 11:23:25[22m [36m[1m[vite][22m[39m [90m[2m(client)[22m[39m [32mpage reload [39m[2mC:/Users/MSI/Documents/lds_ws/lk-design-system/packages/core/dist/chunk-6CNN7J3G.js[22m
[2m오후 11:23:25[22m [36m[1m[vite][22m[39m [90m[2m(client)[22m[39m [32mpage reload [39m[2mC:/Users/MSI/Documents/lds_ws/lk-design-system/packages/core/dist/chunk-5YYTHQDT.js[22m
[2m오후 11:23:25[22m [36m[1m[vite][22m[39m [90m[2m(client)[22m[39m [32mpage reload [39m[2mC:/Users/MSI/Documents/lds_ws/lk-design-system/packages/core/dist/chunk-6ELDU37X.js[22m
[2m오후 11:23:25[22m [36m[1m[vite][22m[39m [90m[2m(client)[22m[39m [32mpage reload [39m[2mC:/Users/MSI/Documents/lds_ws/lk-design-system/packages/core/dist/chunk-6OBB3LM7.js[22m
[2m오후 11:23:25[22m [36m[1m[vite][22m[39m [90m[2m(client)[22m[39m [32mpage reload [39m[2mC:/Users/MSI/Documents/lds_ws/lk-design-system/packages/core/dist/chunk-6U3HDUNE.js[22m
[2m오후 11:23:25[22m [36m[1m[vite][22m[39m [90m[2m(client)[22m[39m [32mpage reload [39m[2mC:/Users/MSI/Documents/lds_ws/lk-design-system/packages/core/dist/chunk-6YAJTY2J.js[22m
[2m오후 11:23:25[22m [36m[1m[vite][22m[39m [90m[2m(client)[22m[39m [32mpage reload [39m[2mC:/Users/MSI/Documents/lds_ws/lk-design-system/packages/core/dist/chunk-7M4UXSJC.js[22m
[2m오후 11:23:25[22m [36m[1m[vite][22m[39m [90m[2m(client)[22m[39m [32mpage reload [39m[2mC:/Users/MSI/Documents/lds_ws/lk-design-system/packages/core/dist/chunk-ADDLP6BM.js[22m
[2m오후 11:23:25[22m [36m[1m[vite][22m[39m [90m[2m(client)[22m[39m [32mpage reload [39m[2mC:/Users/MSI/Documents/lds_ws/lk-design-system/packages/core/dist/chunk-AFU6G6IZ.js[22m
[2m오후 11:23:25[22m [36m[1m[vite][22m[39m [90m[2m(client)[22m[39m [32mpage reload [39m[2mC:/Users/MSI/Documents/lds_ws/lk-design-system/packages/core/dist/chunk-B6GPEOJD.js[22m
[2m오후 11:23:25[22m [36m[1m[vite][22m[39m [90m[2m(client)[22m[39m [32mpage reload [39m[2mC:/Users/MSI/Documents/lds_ws/lk-design-system/packages/core/dist/chunk-AHBDWZ6A.js[22m
[2m오후 11:23:25[22m [36m[1m[vite][22m[39m [90m[2m(client)[22m[39m [32mpage reload [39m[2mC:/Users/MSI/Documents/lds_ws/lk-design-system/packages/core/dist/chunk-BEHEWEDL.js[22m
[2m오후 11:23:25[22m [36m[1m[vite][22m[39m [90m[2m(client)[22m[39m [32mpage reload [39m[2mC:/Users/MSI/Documents/lds_ws/lk-design-system/packages/core/dist/chunk-BXGCTXJX.js[22m
[2m오후 11:23:25[22m [36m[1m[vite][22m[39m [90m[2m(client)[22m[39m [32mpage reload [39m[2mC:/Users/MSI/Documents/lds_ws/lk-design-system/packages/core/dist/chunk-BZYGJB3K.js[22m
[2m오후 11:23:25[22m [36m[1m[vite][22m[39m [90m[2m(client)[22m[39m [32mpage reload [39m[2mC:/Users/MSI/Documents/lds_ws/lk-design-system/packages/core/dist/chunk-CN2QJHBP.js[22m
[2m오후 11:23:25[22m [36m[1m[vite][22m[39m [90m[2m(client)[22m[39m [32mpage reload [39m[2mC:/Users/MSI/Documents/lds_ws/lk-design-system/packages/core/dist/chunk-CIRMFDJK.js[22m
[2m오후 11:23:25[22m [36m[1m[vite][22m[39m [90m[2m(client)[22m[39m [32mpage reload [39m[2mC:/Users/MSI/Documents/lds_ws/lk-design-system/packages/core/dist/chunk-CYOC2EZR.js[22m
[2m오후 11:23:25[22m [36m[1m[vite][22m[39m [90m[2m(client)[22m[39m [32mpage reload [39m[2mC:/Users/MSI/Documents/lds_ws/lk-design-system/packages/core/dist/chunk-FWHOAPJI.js[22m
[2m오후 11:23:25[22m [36m[1m[vite][22m[39m [90m[2m(client)[22m[39m [32mpage reload [39m[2mC:/Users/MSI/Documents/lds_ws/lk-design-system/packages/core/dist/chunk-IC45UUNZ.js[22m
[2m오후 11:23:25[22m [36m[1m[vite][22m[39m [90m[2m(client)[22m[39m [32mpage reload [39m[2mC:/Users/MSI/Documents/lds_ws/lk-design-system/packages/core/dist/chunk-F72DWVHV.js[22m
[2m오후 11:23:25[22m [36m[1m[vite][22m[39m [90m[2m(client)[22m[39m [32mpage reload [39m[2mC:/Users/MSI/Documents/lds_ws/lk-design-system/packages/core/dist/chunk-GKHJTRLN.js[22m
[2m오후 11:23:25[22m [36m[1m[vite][22m[39m [90m[2m(client)[22m[39m [32mpage reload [39m[2mC:/Users/MSI/Documents/lds_ws/lk-design-system/packages/core/dist/chunk-FQL3E6QA.js[22m
[2m오후 11:23:25[22m [36m[1m[vite][22m[39m [90m[2m(client)[22m[39m [32mpage reload [39m[2mC:/Users/MSI/Documents/lds_ws/lk-design-system/packages/core/dist/chunk-EOVKICU4.js[22m
[2m오후 11:23:25[22m [36m[1m[vite][22m[39m [90m[2m(client)[22m[39m [32mpage reload [39m[2mC:/Users/MSI/Documents/lds_ws/lk-design-system/packages/core/dist/chunk-G6LGKUCV.js[22m
[2m오후 11:23:25[22m [36m[1m[vite][22m[39m [90m[2m(client)[22m[39m [32mpage reload [39m[2mC:/Users/MSI/Documents/lds_ws/lk-design-system/packages/core/dist/chunk-GJ2COPCG.js[22m
[2m오후 11:23:25[22m [36m[1m[vite][22m[39m [90m[2m(client)[22m[39m [32mpage reload [39m[2mC:/Users/MSI/Documents/lds_ws/lk-design-system/packages/core/dist/chunk-D3IB64A6.js[22m
[2m오후 11:23:25[22m [36m[1m[vite][22m[39m [90m[2m(client)[22m[39m [32mpage reload [39m[2mC:/Users/MSI/Documents/lds_ws/lk-design-system/packages/core/dist/chunk-EAU6D6QZ.js[22m
[2m오후 11:23:25[22m [36m[1m[vite][22m[39m [90m[2m(client)[22m[39m [32mpage reload [39m[2mC:/Users/MSI/Documents/lds_ws/lk-design-system/packages/core/dist/chunk-JG7L4M23.js[22m
[2m오후 11:23:25[22m [36m[1m[vite][22m[39m [90m[2m(client)[22m[39m [32mpage reload [39m[2mC:/Users/MSI/Documents/lds_ws/lk-design-system/packages/core/dist/chunk-JHUWUWAW.js[22m
[2m오후 11:23:25[22m [36m[1m[vite][22m[39m [90m[2m(client)[22m[39m [32mpage reload [39m[2mC:/Users/MSI/Documents/lds_ws/lk-design-system/packages/core/dist/chunk-CZT4S73U.js[22m
[2m오후 11:23:25[22m [36m[1m[vite][22m[39m [90m[2m(client)[22m[39m [32mpage reload [39m[2mC:/Users/MSI/Documents/lds_ws/lk-design-system/packages/core/dist/chunk-F7QSUROJ.js[22m
[2m오후 11:23:25[22m [36m[1m[vite][22m[39m [90m[2m(client)[22m[39m [32mpage reload [39m[2mC:/Users/MSI/Documents/lds_ws/lk-design-system/packages/core/dist/chunk-HRBOQUCC.js[22m
[2m오후 11:23:25[22m [36m[1m[vite][22m[39m [90m[2m(client)[22m[39m [32mpage reload [39m[2mC:/Users/MSI/Documents/lds_ws/lk-design-system/packages/core/dist/chunk-FCOPBODO.js[22m
[2m오후 11:23:25[22m [36m[1m[vite][22m[39m [90m[2m(client)[22m[39m [32mpage reload [39m[2mC:/Users/MSI/Documents/lds_ws/lk-design-system/packages/core/dist/chunk-GB3ZM5MF.js[22m
[2m오후 11:23:25[22m [36m[1m[vite][22m[39m [90m[2m(client)[22m[39m [32mpage reload [39m[2mC:/Users/MSI/Documents/lds_ws/lk-design-system/packages/core/dist/chunk-LAPUFFHF.js[22m
[2m오후 11:23:25[22m [36m[1m[vite][22m[39m [90m[2m(client)[22m[39m [32mpage reload [39m[2mC:/Users/MSI/Documents/lds_ws/lk-design-system/packages/core/dist/chunk-JPYD55H2.js[22m
[2m오후 11:23:25[22m [36m[1m[vite][22m[39m [90m[2m(client)[22m[39m [32mpage reload [39m[2mC:/Users/MSI/Documents/lds_ws/lk-design-system/packages/core/dist/chunk-LVWFEVQA.js[22m
[2m오후 11:23:25[22m [36m[1m[vite][22m[39m [90m[2m(client)[22m[39m [32mpage reload [39m[2mC:/Users/MSI/Documents/lds_ws/lk-design-system/packages/core/dist/chunk-JUTMKT2R.js[22m
[2m오후 11:23:25[22m [36m[1m[vite][22m[39m [90m[2m(client)[22m[39m [32mpage reload [39m[2mC:/Users/MSI/Documents/lds_ws/lk-design-system/packages/core/dist/chunk-OACAKPKO.js[22m
[2m오후 11:23:25[22m [36m[1m[vite][22m[39m [90m[2m(client)[22m[39m [32mpage reload [39m[2mC:/Users/MSI/Documents/lds_ws/lk-design-system/packages/core/dist/chunk-MODD6NXA.js[22m
[2m오후 11:23:25[22m [36m[1m[vite][22m[39m [90m[2m(client)[22m[39m [32mpage reload [39m[2mC:/Users/MSI/Documents/lds_ws/lk-design-system/packages/core/dist/chunk-M62B2ZNQ.js[22m
[2m오후 11:23:25[22m [36m[1m[vite][22m[39m [90m[2m(client)[22m[39m [32mpage reload [39m[2mC:/Users/MSI/Documents/lds_ws/lk-design-system/packages/core/dist/chunk-NO3DAHZJ.js[22m
[2m오후 11:23:25[22m [36m[1m[vite][22m[39m [90m[2m(client)[22m[39m [32mpage reload [39m[2mC:/Users/MSI/Documents/lds_ws/lk-design-system/packages/core/dist/chunk-ODZ5FCNW.js[22m
[2m오후 11:23:25[22m [36m[1m[vite][22m[39m [90m[2m(client)[22m[39m [32mpage reload [39m[2mC:/Users/MSI/Documents/lds_ws/lk-design-system/packages/core/dist/chunk-NTECDBQW.js[22m
[2m오후 11:23:25[22m [36m[1m[vite][22m[39m [90m[2m(client)[22m[39m [32mpage reload [39m[2mC:/Users/MSI/Documents/lds_ws/lk-design-system/packages/core/dist/chunk-OEE3VP5Q.js[22m
[2m오후 11:23:25[22m [36m[1m[vite][22m[39m [90m[2m(client)[22m[39m [32mpage reload [39m[2mC:/Users/MSI/Documents/lds_ws/lk-design-system/packages/core/dist/chunk-NX3TU4G4.js[22m
[2m오후 11:23:25[22m [36m[1m[vite][22m[39m [90m[2m(client)[22m[39m [32mpage reload [39m[2mC:/Users/MSI/Documents/lds_ws/lk-design-system/packages/core/dist/chunk-PFS7VFRK.js[22m
[2m오후 11:23:25[22m [36m[1m[vite][22m[39m [90m[2m(client)[22m[39m [32mpage reload [39m[2mC:/Users/MSI/Documents/lds_ws/lk-design-system/packages/core/dist/chunk-OPIW6AKC.js[22m
[2m오후 11:23:25[22m [36m[1m[vite][22m[39m [90m[2m(client)[22m[39m [32mpage reload [39m[2mC:/Users/MSI/Documents/lds_ws/lk-design-system/packages/core/dist/chunk-PR2QBZED.js[22m
[2m오후 11:23:25[22m [36m[1m[vite][22m[39m [90m[2m(client)[22m[39m [32mpage reload [39m[2mC:/Users/MSI/Documents/lds_ws/lk-design-system/packages/core/dist/chunk-QJK4IP35.js[22m
[2m오후 11:23:25[22m [36m[1m[vite][22m[39m [90m[2m(client)[22m[39m [32mpage reload [39m[2mC:/Users/MSI/Documents/lds_ws/lk-design-system/packages/core/dist/chunk-QEFMLEJK.js[22m
[2m오후 11:23:25[22m [36m[1m[vite][22m[39m [90m[2m(client)[22m[39m [32mpage reload [39m[2mC:/Users/MSI/Documents/lds_ws/lk-design-system/packages/core/dist/chunk-QD42XNRW.js[22m
[2m오후 11:23:25[22m [36m[1m[vite][22m[39m [90m[2m(client)[22m[39m [32mpage reload [39m[2mC:/Users/MSI/Documents/lds_ws/lk-design-system/packages/core/dist/chunk-QVTH6CIZ.js[22m
[2m오후 11:23:25[22m [36m[1m[vite][22m[39m [90m[2m(client)[22m[39m [32mpage reload [39m[2mC:/Users/MSI/Documents/lds_ws/lk-design-system/packages/core/dist/chunk-S2QN6NWO.js[22m
[2m오후 11:23:25[22m [36m[1m[vite][22m[39m [90m[2m(client)[22m[39m [32mpage reload [39m[2mC:/Users/MSI/Documents/lds_ws/lk-design-system/packages/core/dist/chunk-TCRSTIDV.js[22m
[2m오후 11:23:25[22m [36m[1m[vite][22m[39m [90m[2m(client)[22m[39m [32mpage reload [39m[2mC:/Users/MSI/Documents/lds_ws/lk-design-system/packages/core/dist/chunk-SKT4NDEU.js[22m
[2m오후 11:23:25[22m [36m[1m[vite][22m[39m [90m[2m(client)[22m[39m [32mpage reload [39m[2mC:/Users/MSI/Documents/lds_ws/lk-design-system/packages/core/dist/chunk-TR4TYXTD.js[22m
[2m오후 11:23:25[22m [36m[1m[vite][22m[39m [90m[2m(client)[22m[39m [32mpage reload [39m[2mC:/Users/MSI/Documents/lds_ws/lk-design-system/packages/core/dist/chunk-U6GEJJ6G.js[22m
[2m오후 11:23:25[22m [36m[1m[vite][22m[39m [90m[2m(client)[22m[39m [32mpage reload [39m[2mC:/Users/MSI/Documents/lds_ws/lk-design-system/packages/core/dist/chunk-UI2I2TV5.js[22m
[2m오후 11:23:25[22m [36m[1m[vite][22m[39m [90m[2m(client)[22m[39m [32mpage reload [39m[2mC:/Users/MSI/Documents/lds_ws/lk-design-system/packages/core/dist/chunk-UNI3MQ4S.js[22m
[2m오후 11:23:25[22m [36m[1m[vite][22m[39m [90m[2m(client)[22m[39m [32mpage reload [39m[2mC:/Users/MSI/Documents/lds_ws/lk-design-system/packages/core/dist/chunk-V5DS3VLV.js[22m
[2m오후 11:23:25[22m [36m[1m[vite][22m[39m [90m[2m(client)[22m[39m [32mpage reload [39m[2mC:/Users/MSI/Documents/lds_ws/lk-design-system/packages/core/dist/chunk-USJRD3OL.js[22m
[2m오후 11:23:25[22m [36m[1m[vite][22m[39m [90m[2m(client)[22m[39m [32mpage reload [39m[2mC:/Users/MSI/Documents/lds_ws/lk-design-system/packages/core/dist/chunk-V7S7GS3Q.js[22m
[2m오후 11:23:25[22m [36m[1m[vite][22m[39m [90m[2m(client)[22m[39m [32mpage reload [39m[2mC:/Users/MSI/Documents/lds_ws/lk-design-system/packages/core/dist/chunk-VL2LVV4M.js[22m
[2m오후 11:23:25[22m [36m[1m[vite][22m[39m [90m[2m(client)[22m[39m [32mpage reload [39m[2mC:/Users/MSI/Documents/lds_ws/lk-design-system/packages/core/dist/chunk-WAAL2U4T.js[22m
[2m오후 11:23:25[22m [36m[1m[vite][22m[39m [90m[2m(client)[22m[39m [32mpage reload [39m[2mC:/Users/MSI/Documents/lds_ws/lk-design-system/packages/core/dist/chunk-VF5BIKHQ.js[22m
[2m오후 11:23:25[22m [36m[1m[vite][22m[39m [90m[2m(client)[22m[39m [32mpage reload [39m[2mC:/Users/MSI/Documents/lds_ws/lk-design-system/packages/core/dist/chunk-WDNFJ372.js[22m
[2m오후 11:23:25[22m [36m[1m[vite][22m[39m [90m[2m(client)[22m[39m [32mpage reload [39m[2mC:/Users/MSI/Documents/lds_ws/lk-design-system/packages/core/dist/chunk-W5DUMO7Q.js[22m
[2m오후 11:23:25[22m [36m[1m[vite][22m[39m [90m[2m(client)[22m[39m [32mpage reload [39m[2mC:/Users/MSI/Documents/lds_ws/lk-design-system/packages/core/dist/chunk-WJN7GSBY.js[22m
[2m오후 11:23:25[22m [36m[1m[vite][22m[39m [90m[2m(client)[22m[39m [32mpage reload [39m[2mC:/Users/MSI/Documents/lds_ws/lk-design-system/packages/core/dist/chunk-WWE47EYM.js[22m
[2m오후 11:23:25[22m [36m[1m[vite][22m[39m [90m[2m(client)[22m[39m [32mpage reload [39m[2mC:/Users/MSI/Documents/lds_ws/lk-design-system/packages/core/dist/chunk-X47OPQUZ.js[22m
[2m오후 11:23:25[22m [36m[1m[vite][22m[39m [90m[2m(client)[22m[39m [32mpage reload [39m[2mC:/Users/MSI/Documents/lds_ws/lk-design-system/packages/core/dist/chunk-WWVKQY22.js[22m
[2m오후 11:23:25[22m [36m[1m[vite][22m[39m [90m[2m(client)[22m[39m [32mpage reload [39m[2mC:/Users/MSI/Documents/lds_ws/lk-design-system/packages/core/dist/chunk-XN4RZ5ET.js[22m
[2m오후 11:23:25[22m [36m[1m[vite][22m[39m [90m[2m(client)[22m[39m [32mpage reload [39m[2mC:/Users/MSI/Documents/lds_ws/lk-design-system/packages/core/dist/chunk-XSX43JSE.js[22m
[2m오후 11:23:25[22m [36m[1m[vite][22m[39m [90m[2m(client)[22m[39m [32mpage reload [39m[2mC:/Users/MSI/Documents/lds_ws/lk-design-system/packages/core/dist/chunk-YIQWJFOG.js[22m
[2m오후 11:23:25[22m [36m[1m[vite][22m[39m [90m[2m(client)[22m[39m [32mpage reload [39m[2mC:/Users/MSI/Documents/lds_ws/lk-design-system/packages/core/dist/chunk-Y2SFLMBU.js[22m
[2m오후 11:23:25[22m [36m[1m[vite][22m[39m [90m[2m(client)[22m[39m [32mpage reload [39m[2mC:/Users/MSI/Documents/lds_ws/lk-design-system/packages/core/dist/chunk-YRINARDR.js[22m
[2m오후 11:23:25[22m [36m[1m[vite][22m[39m [90m[2m(client)[22m[39m [32mpage reload [39m[2mC:/Users/MSI/Documents/lds_ws/lk-design-system/packages/core/dist/chunk-YPIOAYJD.js[22m
[2m오후 11:23:25[22m [36m[1m[vite][22m[39m [90m[2m(client)[22m[39m [32mhmr update [39m[2m/@id/__x00__virtual:/@storybook/builder-vite/vite-app.js[22m
[2m오후 11:23:25[22m [36m[1m[vite][22m[39m [90m[2m(client)[22m[39m [32mhmr update [39m[2m/@id/__x00__virtual:/@storybook/builder-vite/vite-app.js[22m
[2m오후 11:23:25[22m [36m[1m[vite][22m[39m [90m[2m(client)[22m[39m [32mhmr update [39m[2m/@id/__x00__virtual:/@storybook/builder-vite/vite-app.js[22m
[2m오후 11:23:25[22m [36m[1m[vite][22m[39m [90m[2m(client)[22m[39m [32mhmr update [39m[2m/@id/__x00__virtual:/@storybook/builder-vite/vite-app.js[22m
[2m오후 11:23:25[22m [36m[1m[vite][22m[39m [90m[2m(client)[22m[39m [32mhmr update [39m[2m/@id/__x00__virtual:/@storybook/builder-vite/vite-app.js[22m
[2m오후 11:23:25[22m [36m[1m[vite][22m[39m [90m[2m(client)[22m[39m [32mhmr update [39m[2m/@id/__x00__virtual:/@storybook/builder-vite/vite-app.js[22m
[2m오후 11:23:25[22m [36m[1m[vite][22m[39m [90m[2m(client)[22m[39m [32mhmr update [39m[2m/@id/__x00__virtual:/@storybook/builder-vite/vite-app.js[22m
[2m오후 11:23:25[22m [36m[1m[vite][22m[39m [90m[2m(client)[22m[39m [32mhmr update [39m[2m/@id/__x00__virtual:/@storybook/builder-vite/vite-app.js[22m
[2m오후 11:23:25[22m [36m[1m[vite][22m[39m [90m[2m(client)[22m[39m [32mhmr update [39m[2m/@id/__x00__virtual:/@storybook/builder-vite/vite-app.js[22m
[2m오후 11:23:25[22m [36m[1m[vite][22m[39m [90m[2m(client)[22m[39m [32mhmr update [39m[2m/@id/__x00__virtual:/@storybook/builder-vite/vite-app.js[22m
[2m오후 11:23:25[22m [36m[1m[vite][22m[39m [90m[2m(client)[22m[39m [32mhmr update [39m[2m/@id/__x00__virtual:/@storybook/builder-vite/vite-app.js[22m
[2m오후 11:23:25[22m [36m[1m[vite][22m[39m [90m[2m(client)[22m[39m [32mhmr update [39m[2m/@id/__x00__virtual:/@storybook/builder-vite/vite-app.js[22m
[2m오후 11:23:25[22m [36m[1m[vite][22m[39m [90m[2m(client)[22m[39m [32mhmr update [39m[2m/@id/__x00__virtual:/@storybook/builder-vite/vite-app.js[22m
[2m오후 11:23:25[22m [36m[1m[vite][22m[39m [90m[2m(client)[22m[39m [32mhmr update [39m[2m/@id/__x00__virtual:/@storybook/builder-vite/vite-app.js[22m
[2m오후 11:23:25[22m [36m[1m[vite][22m[39m [90m[2m(client)[22m[39m [32mhmr update [39m[2m/@id/__x00__virtual:/@storybook/builder-vite/vite-app.js[22m
[2m오후 11:23:25[22m [36m[1m[vite][22m[39m [90m[2m(client)[22m[39m [32mhmr update [39m[2m/@id/__x00__virtual:/@storybook/builder-vite/vite-app.js[22m
[2m오후 11:23:25[22m [36m[1m[vite][22m[39m [90m[2m(client)[22m[39m [32mhmr update [39m[2m/@id/__x00__virtual:/@storybook/builder-vite/vite-app.js[22m
[2m오후 11:23:25[22m [36m[1m[vite][22m[39m [90m[2m(client)[22m[39m [32mhmr update [39m[2m/@id/__x00__virtual:/@storybook/builder-vite/vite-app.js[22m
[2m오후 11:23:25[22m [36m[1m[vite][22m[39m [90m[2m(client)[22m[39m [32mhmr update [39m[2m/@id/__x00__virtual:/@storybook/builder-vite/vite-app.js[22m
[2m오후 11:23:25[22m [36m[1m[vite][22m[39m [90m[2m(client)[22m[39m [32mhmr update [39m[2m/@id/__x00__virtual:/@storybook/builder-vite/vite-app.js[22m
[2m오후 11:23:25[22m [36m[1m[vite][22m[39m [90m[2m(client)[22m[39m [32mhmr update [39m[2m/@id/__x00__virtual:/@storybook/builder-vite/vite-app.js[22m
[2m오후 11:23:25[22m [36m[1m[vite][22m[39m [90m[2m(client)[22m[39m [32mhmr update [39m[2m/@id/__x00__virtual:/@storybook/builder-vite/vite-app.js[22m
[2m오후 11:23:25[22m [36m[1m[vite][22m[39m [90m[2m(client)[22m[39m [32mhmr update [39m[2m/@id/__x00__virtual:/@storybook/builder-vite/vite-app.js[22m
[2m오후 11:23:25[22m [36m[1m[vite][22m[39m [90m[2m(client)[22m[39m [32mhmr update [39m[2m/@id/__x00__virtual:/@storybook/builder-vite/vite-app.js[22m
[2m오후 11:23:25[22m [36m[1m[vite][22m[39m [90m[2m(client)[22m[39m [32mhmr update [39m[2m/@id/__x00__virtual:/@storybook/builder-vite/vite-app.js[22m
[2m오후 11:23:25[22m [36m[1m[vite][22m[39m [90m[2m(client)[22m[39m [32mhmr update [39m[2m/@id/__x00__virtual:/@storybook/builder-vite/vite-app.js[22m
[2m오후 11:23:25[22m [36m[1m[vite][22m[39m [90m[2m(client)[22m[39m [32mhmr update [39m[2m/@id/__x00__virtual:/@storybook/builder-vite/vite-app.js[22m
[2m오후 11:23:25[22m [36m[1m[vite][22m[39m [90m[2m(client)[22m[39m [32mhmr update [39m[2m/@id/__x00__virtual:/@storybook/builder-vite/vite-app.js[22m
[2m오후 11:23:25[22m [36m[1m[vite][22m[39m [90m[2m(client)[22m[39m [32mhmr update [39m[2m/@id/__x00__virtual:/@storybook/builder-vite/vite-app.js[22m
[2m오후 11:23:25[22m [36m[1m[vite][22m[39m [90m[2m(client)[22m[39m [32mhmr update [39m[2m/@id/__x00__virtual:/@storybook/builder-vite/vite-app.js[22m
[2m오후 11:23:25[22m [36m[1m[vite][22m[39m [90m[2m(client)[22m[39m [32mhmr update [39m[2m/@id/__x00__virtual:/@storybook/builder-vite/vite-app.js[22m
[2m오후 11:23:25[22m [36m[1m[vite][22m[39m [90m[2m(client)[22m[39m [32mhmr update [39m[2m/@id/__x00__virtual:/@storybook/builder-vite/vite-app.js[22m
[2m오후 11:23:25[22m [36m[1m[vite][22m[39m [90m[2m(client)[22m[39m [32mhmr update [39m[2m/@id/__x00__virtual:/@storybook/builder-vite/vite-app.js[22m
[2m오후 11:23:25[22m [36m[1m[vite][22m[39m [90m[2m(client)[22m[39m [32mhmr update [39m[2m/@id/__x00__virtual:/@storybook/builder-vite/vite-app.js[22m
[2m오후 11:23:25[22m [36m[1m[vite][22m[39m [90m[2m(client)[22m[39m [32mhmr update [39m[2m/@id/__x00__virtual:/@storybook/builder-vite/vite-app.js[22m
[2m오후 11:23:25[22m [36m[1m[vite][22m[39m [90m[2m(client)[22m[39m [32mhmr update [39m[2m/@id/__x00__virtual:/@storybook/builder-vite/vite-app.js[22m
[2m오후 11:23:25[22m [36m[1m[vite][22m[39m [90m[2m(client)[22m[39m [32mhmr update [39m[2m/@id/__x00__virtual:/@storybook/builder-vite/vite-app.js[22m
[2m오후 11:23:25[22m [36m[1m[vite][22m[39m [90m[2m(client)[22m[39m [32mhmr update [39m[2m/@id/__x00__virtual:/@storybook/builder-vite/vite-app.js[22m
[2m오후 11:23:25[22m [36m[1m[vite][22m[39m [90m[2m(client)[22m[39m [32mhmr update [39m[2m/@id/__x00__virtual:/@storybook/builder-vite/vite-app.js[22m
[2m오후 11:23:25[22m [36m[1m[vite][22m[39m [90m[2m(client)[22m[39m [32mpage reload [39m[2mC:/Users/MSI/Documents/lds_ws/lk-design-system/packages/core/dist/chunk-SKT4NDEU.js[22m
[2m오후 11:23:25[22m [36m[1m[vite][22m[39m [90m[2m(client)[22m[39m [32mpage reload [39m[2mC:/Users/MSI/Documents/lds_ws/lk-design-system/packages/core/dist/chunk-44CXNPMX.js[22m
[2m오후 11:23:25[22m [36m[1m[vite][22m[39m [90m[2m(client)[22m[39m [32mpage reload [39m[2mC:/Users/MSI/Documents/lds_ws/lk-design-system/packages/core/dist/chunk-FWHOAPJI.js[22m
[2m오후 11:23:25[22m [36m[1m[vite][22m[39m [90m[2m(client)[22m[39m [32mpage reload [39m[2mC:/Users/MSI/Documents/lds_ws/lk-design-system/packages/core/dist/chunk-NX3TU4G4.js[22m
[2m오후 11:23:25[22m [36m[1m[vite][22m[39m [90m[2m(client)[22m[39m [32mpage reload [39m[2mC:/Users/MSI/Documents/lds_ws/lk-design-system/packages/core/dist/chunk-2ZQEGDYM.js[22m
[2m오후 11:23:25[22m [36m[1m[vite][22m[39m [90m[2m(client)[22m[39m [32mpage reload [39m[2mC:/Users/MSI/Documents/lds_ws/lk-design-system/packages/core/dist/chunk-3SYW6PBT.js[22m
[2m오후 11:23:25[22m [36m[1m[vite][22m[39m [90m[2m(client)[22m[39m [32mpage reload [39m[2mC:/Users/MSI/Documents/lds_ws/lk-design-system/packages/core/dist/chunk-OACAKPKO.js[22m
[2m오후 11:23:25[22m [36m[1m[vite][22m[39m [90m[2m(client)[22m[39m [32mpage reload [39m[2mC:/Users/MSI/Documents/lds_ws/lk-design-system/packages/core/dist/chunk-V7S7GS3Q.js[22m
[2m오후 11:23:25[22m [36m[1m[vite][22m[39m [90m[2m(client)[22m[39m [32mpage reload [39m[2mC:/Users/MSI/Documents/lds_ws/lk-design-system/packages/core/dist/chunk-CN2QJHBP.js[22m
[2m오후 11:23:25[22m [36m[1m[vite][22m[39m [90m[2m(client)[22m[39m [32mpage reload [39m[2mC:/Users/MSI/Documents/lds_ws/lk-design-system/packages/core/dist/chunk-ADDLP6BM.js[22m
[2m오후 11:23:25[22m [36m[1m[vite][22m[39m [90m[2m(client)[22m[39m [32mpage reload [39m[2mC:/Users/MSI/Documents/lds_ws/lk-design-system/packages/core/dist/chunk-2QK3LAMG.js[22m
[2m오후 11:23:25[22m [36m[1m[vite][22m[39m [90m[2m(client)[22m[39m [32mpage reload [39m[2mC:/Users/MSI/Documents/lds_ws/lk-design-system/packages/core/dist/chunk-BXGCTXJX.js[22m
[2m오후 11:23:25[22m [36m[1m[vite][22m[39m [90m[2m(client)[22m[39m [32mpage reload [39m[2mC:/Users/MSI/Documents/lds_ws/lk-design-system/packages/core/dist/chunk-YIQWJFOG.js[22m
[2m오후 11:23:25[22m [36m[1m[vite][22m[39m [90m[2m(client)[22m[39m [32mpage reload [39m[2mC:/Users/MSI/Documents/lds_ws/lk-design-system/packages/core/dist/chunk-MODD6NXA.js[22m
[2m오후 11:23:25[22m [36m[1m[vite][22m[39m [90m[2m(client)[22m[39m [32mpage reload [39m[2mC:/Users/MSI/Documents/lds_ws/lk-design-system/packages/core/dist/chunk-LAPUFFHF.js[22m
[2m오후 11:23:25[22m [36m[1m[vite][22m[39m [90m[2m(client)[22m[39m [32mpage reload [39m[2mC:/Users/MSI/Documents/lds_ws/lk-design-system/packages/core/dist/chunk-5WWAHFUC.js[22m
[2m오후 11:23:25[22m [36m[1m[vite][22m[39m [90m[2m(client)[22m[39m [32mpage reload [39m[2mC:/Users/MSI/Documents/lds_ws/lk-design-system/packages/core/dist/chunk-6ELDU37X.js[22m
[2m오후 11:23:25[22m [36m[1m[vite][22m[39m [90m[2m(client)[22m[39m [32mpage reload [39m[2mC:/Users/MSI/Documents/lds_ws/lk-design-system/packages/core/dist/chunk-WWE47EYM.js[22m
[2m오후 11:23:25[22m [36m[1m[vite][22m[39m [90m[2m(client)[22m[39m [32mpage reload [39m[2mC:/Users/MSI/Documents/lds_ws/lk-design-system/packages/core/dist/chunk-6CNN7J3G.js[22m
[2m오후 11:23:25[22m [36m[1m[vite][22m[39m [90m[2m(client)[22m[39m [32mpage reload [39m[2mC:/Users/MSI/Documents/lds_ws/lk-design-system/packages/core/dist/chunk-VF5BIKHQ.js[22m
[2m오후 11:23:25[22m [36m[1m[vite][22m[39m [90m[2m(client)[22m[39m [32mpage reload [39m[2mC:/Users/MSI/Documents/lds_ws/lk-design-system/packages/core/dist/chunk-WDNFJ372.js[22m
[2m오후 11:23:25[22m [36m[1m[vite][22m[39m [90m[2m(client)[22m[39m [32mhmr update [39m[2m/@id/__x00__virtual:/@storybook/builder-vite/vite-app.js[22m
[2m오후 11:23:25[22m [36m[1m[vite][22m[39m [90m[2m(client)[22m[39m [32mhmr update [39m[2m/@id/__x00__virtual:/@storybook/builder-vite/vite-app.js[22m
[2m오후 11:23:25[22m [36m[1m[vite][22m[39m [90m[2m(client)[22m[39m [32mhmr update [39m[2m/@id/__x00__virtual:/@storybook/builder-vite/vite-app.js[22m
[2m오후 11:23:25[22m [36m[1m[vite][22m[39m [90m[2m(client)[22m[39m [32mhmr update [39m[2m/@id/__x00__virtual:/@storybook/builder-vite/vite-app.js[22m
[2m오후 11:23:25[22m [36m[1m[vite][22m[39m [90m[2m(client)[22m[39m [32mhmr update [39m[2m/@id/__x00__virtual:/@storybook/builder-vite/vite-app.js[22m
[2m오후 11:23:25[22m [36m[1m[vite][22m[39m [90m[2m(client)[22m[39m [32mhmr update [39m[2m/@id/__x00__virtual:/@storybook/builder-vite/vite-app.js[22m
[2m오후 11:23:25[22m [36m[1m[vite][22m[39m [90m[2m(client)[22m[39m [32mhmr update [39m[2m/@id/__x00__virtual:/@storybook/builder-vite/vite-app.js[22m
[2m오후 11:23:25[22m [36m[1m[vite][22m[39m [90m[2m(client)[22m[39m [32mhmr update [39m[2m/@id/__x00__virtual:/@storybook/builder-vite/vite-app.js[22m
[2m오후 11:23:25[22m [36m[1m[vite][22m[39m [90m[2m(client)[22m[39m [32mpage reload [39m[2mC:/Users/MSI/Documents/lds_ws/lk-design-system/packages/core/dist/chunk-IC45UUNZ.js[22m
[2m오후 11:23:25[22m [36m[1m[vite][22m[39m [90m[2m(client)[22m[39m [32mpage reload [39m[2mC:/Users/MSI/Documents/lds_ws/lk-design-system/packages/core/dist/chunk-24ORA7K7.js[22m
[2m오후 11:23:25[22m [36m[1m[vite][22m[39m [90m[2m(client)[22m[39m [32mpage reload [39m[2mC:/Users/MSI/Documents/lds_ws/lk-design-system/packages/core/dist/chunk-M62B2ZNQ.js[22m
[2m오후 11:23:25[22m [36m[1m[vite][22m[39m [90m[2m(client)[22m[39m [32mpage reload [39m[2mC:/Users/MSI/Documents/lds_ws/lk-design-system/packages/core/dist/chunk-44OFG2SM.js[22m
[2m오후 11:23:25[22m [36m[1m[vite][22m[39m [90m[2m(client)[22m[39m [32mpage reload [39m[2mC:/Users/MSI/Documents/lds_ws/lk-design-system/packages/core/dist/chunk-PFS7VFRK.js[22m
[2m오후 11:23:25[22m [36m[1m[vite][22m[39m [90m[2m(client)[22m[39m [32mpage reload [39m[2mC:/Users/MSI/Documents/lds_ws/lk-design-system/packages/core/dist/chunk-PR2QBZED.js[22m
[2m오후 11:23:25[22m [36m[1m[vite][22m[39m [90m[2m(client)[22m[39m [32mpage reload [39m[2mC:/Users/MSI/Documents/lds_ws/lk-design-system/packages/core/dist/chunk-6U3HDUNE.js[22m
[2m오후 11:23:25[22m [36m[1m[vite][22m[39m [90m[2m(client)[22m[39m [32mpage reload [39m[2mC:/Users/MSI/Documents/lds_ws/lk-design-system/packages/core/dist/chunk-F72DWVHV.js[22m
[2m오후 11:23:25[22m [36m[1m[vite][22m[39m [90m[2m(client)[22m[39m [32mpage reload [39m[2mC:/Users/MSI/Documents/lds_ws/lk-design-system/packages/core/dist/chunk-NO3DAHZJ.js[22m
[2m오후 11:23:25[22m [36m[1m[vite][22m[39m [90m[2m(client)[22m[39m [32mpage reload [39m[2mC:/Users/MSI/Documents/lds_ws/lk-design-system/packages/core/dist/chunk-GKHJTRLN.js[22m
[2m오후 11:23:25[22m [36m[1m[vite][22m[39m [90m[2m(client)[22m[39m [32mpage reload [39m[2mC:/Users/MSI/Documents/lds_ws/lk-design-system/packages/core/dist/chunk-QJK4IP35.js[22m
[2m오후 11:23:25[22m [36m[1m[vite][22m[39m [90m[2m(client)[22m[39m [32mpage reload [39m[2mC:/Users/MSI/Documents/lds_ws/lk-design-system/packages/core/dist/chunk-QEFMLEJK.js[22m
[2m오후 11:23:25[22m [36m[1m[vite][22m[39m [90m[2m(client)[22m[39m [32mpage reload [39m[2mC:/Users/MSI/Documents/lds_ws/lk-design-system/packages/core/dist/chunk-UNI3MQ4S.js[22m
[2m오후 11:23:25[22m [36m[1m[vite][22m[39m [90m[2m(client)[22m[39m [32mpage reload [39m[2mC:/Users/MSI/Documents/lds_ws/lk-design-system/packages/core/dist/chunk-FQL3E6QA.js[22m
[2m오후 11:23:25[22m [36m[1m[vite][22m[39m [90m[2m(client)[22m[39m [32mpage reload [39m[2mC:/Users/MSI/Documents/lds_ws/lk-design-system/packages/core/dist/chunk-QVTH6CIZ.js[22m
[2m오후 11:23:25[22m [36m[1m[vite][22m[39m [90m[2m(client)[22m[39m [32mpage reload [39m[2mC:/Users/MSI/Documents/lds_ws/lk-design-system/packages/core/dist/chunk-4KEL6LVF.js[22m
[2m오후 11:23:25[22m [36m[1m[vite][22m[39m [90m[2m(client)[22m[39m [32mpage reload [39m[2mC:/Users/MSI/Documents/lds_ws/lk-design-system/packages/core/dist/chunk-EOVKICU4.js[22m
[2m오후 11:23:25[22m [36m[1m[vite][22m[39m [90m[2m(client)[22m[39m [32mpage reload [39m[2mC:/Users/MSI/Documents/lds_ws/lk-design-system/packages/core/dist/chunk-TR4TYXTD.js[22m
[2m오후 11:23:25[22m [36m[1m[vite][22m[39m [90m[2m(client)[22m[39m [32mpage reload [39m[2mC:/Users/MSI/Documents/lds_ws/lk-design-system/packages/core/dist/chunk-G6LGKUCV.js[22m
[2m오후 11:23:25[22m [36m[1m[vite][22m[39m [90m[2m(client)[22m[39m [32mpage reload [39m[2mC:/Users/MSI/Documents/lds_ws/lk-design-system/packages/core/dist/chunk-5YYTHQDT.js[22m
[2m오후 11:23:25[22m [36m[1m[vite][22m[39m [90m[2m(client)[22m[39m [32mpage reload [39m[2mC:/Users/MSI/Documents/lds_ws/lk-design-system/packages/core/dist/chunk-W5DUMO7Q.js[22m
[2m오후 11:23:25[22m [36m[1m[vite][22m[39m [90m[2m(client)[22m[39m [32mpage reload [39m[2mC:/Users/MSI/Documents/lds_ws/lk-design-system/packages/core/dist/chunk-6OBB3LM7.js[22m
[2m오후 11:23:25[22m [36m[1m[vite][22m[39m [90m[2m(client)[22m[39m [32mpage reload [39m[2mC:/Users/MSI/Documents/lds_ws/lk-design-system/packages/core/dist/chunk-OPIW6AKC.js[22m
[2m오후 11:23:25[22m [36m[1m[vite][22m[39m [90m[2m(client)[22m[39m [32mpage reload [39m[2mC:/Users/MSI/Documents/lds_ws/lk-design-system/packages/core/dist/chunk-B6GPEOJD.js[22m
[2m오후 11:23:25[22m [36m[1m[vite][22m[39m [90m[2m(client)[22m[39m [32mpage reload [39m[2mC:/Users/MSI/Documents/lds_ws/lk-design-system/packages/core/dist/chunk-AHBDWZ6A.js[22m
[2m오후 11:23:25[22m [36m[1m[vite][22m[39m [90m[2m(client)[22m[39m [32mpage reload [39m[2mC:/Users/MSI/Documents/lds_ws/lk-design-system/packages/core/dist/chunk-JPYD55H2.js[22m
[2m오후 11:23:25[22m [36m[1m[vite][22m[39m [90m[2m(client)[22m[39m [32mpage reload [39m[2mC:/Users/MSI/Documents/lds_ws/lk-design-system/packages/core/dist/chunk-4RI7FOTH.js[22m
[2m오후 11:23:25[22m [36m[1m[vite][22m[39m [90m[2m(client)[22m[39m [32mpage reload [39m[2mC:/Users/MSI/Documents/lds_ws/lk-design-system/packages/core/dist/chunk-LVWFEVQA.js[22m
[2m오후 11:23:25[22m [36m[1m[vite][22m[39m [90m[2m(client)[22m[39m [32mpage reload [39m[2mC:/Users/MSI/Documents/lds_ws/lk-design-system/packages/core/dist/chunk-6YAJTY2J.js[22m
[2m오후 11:23:25[22m [36m[1m[vite][22m[39m [90m[2m(client)[22m[39m [32mpage reload [39m[2mC:/Users/MSI/Documents/lds_ws/lk-design-system/packages/core/dist/chunk-CIRMFDJK.js[22m
[2m오후 11:23:25[22m [36m[1m[vite][22m[39m [90m[2m(client)[22m[39m [32mpage reload [39m[2mC:/Users/MSI/Documents/lds_ws/lk-design-system/packages/core/dist/chunk-V5DS3VLV.js[22m
[2m오후 11:23:25[22m [36m[1m[vite][22m[39m [90m[2m(client)[22m[39m [32mpage reload [39m[2mC:/Users/MSI/Documents/lds_ws/lk-design-system/packages/core/dist/chunk-BEHEWEDL.js[22m
[2m오후 11:23:25[22m [36m[1m[vite][22m[39m [90m[2m(client)[22m[39m [32mpage reload [39m[2mC:/Users/MSI/Documents/lds_ws/lk-design-system/packages/core/dist/chunk-S2QN6NWO.js[22m
[2m오후 11:23:25[22m [36m[1m[vite][22m[39m [90m[2m(client)[22m[39m [32mpage reload [39m[2mC:/Users/MSI/Documents/lds_ws/lk-design-system/packages/core/dist/chunk-X47OPQUZ.js[22m
[2m오후 11:23:25[22m [36m[1m[vite][22m[39m [90m[2m(client)[22m[39m [32mpage reload [39m[2mC:/Users/MSI/Documents/lds_ws/lk-design-system/packages/core/dist/chunk-AFU6G6IZ.js[22m
[2m오후 11:23:25[22m [36m[1m[vite][22m[39m [90m[2m(client)[22m[39m [32mpage reload [39m[2mC:/Users/MSI/Documents/lds_ws/lk-design-system/packages/core/dist/chunk-GJ2COPCG.js[22m
[2m오후 11:23:25[22m [36m[1m[vite][22m[39m [90m[2m(client)[22m[39m [32mpage reload [39m[2mC:/Users/MSI/Documents/lds_ws/lk-design-system/packages/core/dist/chunk-WWVKQY22.js[22m
[2m오후 11:23:25[22m [36m[1m[vite][22m[39m [90m[2m(client)[22m[39m [32mpage reload [39m[2mC:/Users/MSI/Documents/lds_ws/lk-design-system/packages/core/dist/chunk-D3IB64A6.js[22m
[2m오후 11:23:25[22m [36m[1m[vite][22m[39m [90m[2m(client)[22m[39m [32mpage reload [39m[2mC:/Users/MSI/Documents/lds_ws/lk-design-system/packages/core/dist/chunk-2UHM22L2.js[22m
[2m오후 11:23:25[22m [36m[1m[vite][22m[39m [90m[2m(client)[22m[39m [32mpage reload [39m[2mC:/Users/MSI/Documents/lds_ws/lk-design-system/packages/core/dist/chunk-ODZ5FCNW.js[22m
[2m오후 11:23:25[22m [36m[1m[vite][22m[39m [90m[2m(client)[22m[39m [32mpage reload [39m[2mC:/Users/MSI/Documents/lds_ws/lk-design-system/packages/core/dist/chunk-QD42XNRW.js[22m
[2m오후 11:23:25[22m [36m[1m[vite][22m[39m [90m[2m(client)[22m[39m [32mpage reload [39m[2mC:/Users/MSI/Documents/lds_ws/lk-design-system/packages/core/dist/chunk-4IBAPO4L.js[22m
[2m오후 11:23:25[22m [36m[1m[vite][22m[39m [90m[2m(client)[22m[39m [32mpage reload [39m[2mC:/Users/MSI/Documents/lds_ws/lk-design-system/packages/core/dist/chunk-USJRD3OL.js[22m
[2m오후 11:23:25[22m [36m[1m[vite][22m[39m [90m[2m(client)[22m[39m [32mpage reload [39m[2mC:/Users/MSI/Documents/lds_ws/lk-design-system/packages/core/dist/chunk-WJN7GSBY.js[22m
[2m오후 11:23:25[22m [36m[1m[vite][22m[39m [90m[2m(client)[22m[39m [32mpage reload [39m[2mC:/Users/MSI/Documents/lds_ws/lk-design-system/packages/core/dist/chunk-Y2SFLMBU.js[22m
[2m오후 11:23:25[22m [36m[1m[vite][22m[39m [90m[2m(client)[22m[39m [32mpage reload [39m[2mC:/Users/MSI/Documents/lds_ws/lk-design-system/packages/core/dist/chunk-EAU6D6QZ.js[22m
[2m오후 11:23:25[22m [36m[1m[vite][22m[39m [90m[2m(client)[22m[39m [32mpage reload [39m[2mC:/Users/MSI/Documents/lds_ws/lk-design-system/packages/core/dist/chunk-7M4UXSJC.js[22m
[2m오후 11:23:25[22m [36m[1m[vite][22m[39m [90m[2m(client)[22m[39m [32mpage reload [39m[2mC:/Users/MSI/Documents/lds_ws/lk-design-system/packages/core/dist/chunk-XN4RZ5ET.js[22m
[2m오후 11:23:25[22m [36m[1m[vite][22m[39m [90m[2m(client)[22m[39m [32mpage reload [39m[2mC:/Users/MSI/Documents/lds_ws/lk-design-system/packages/core/dist/chunk-YRINARDR.js[22m
[2m오후 11:23:25[22m [36m[1m[vite][22m[39m [90m[2m(client)[22m[39m [32mpage reload [39m[2mC:/Users/MSI/Documents/lds_ws/lk-design-system/packages/core/dist/chunk-JG7L4M23.js[22m
[2m오후 11:23:25[22m [36m[1m[vite][22m[39m [90m[2m(client)[22m[39m [32mpage reload [39m[2mC:/Users/MSI/Documents/lds_ws/lk-design-system/packages/core/dist/chunk-JHUWUWAW.js[22m
[2m오후 11:23:25[22m [36m[1m[vite][22m[39m [90m[2m(client)[22m[39m [32mpage reload [39m[2mC:/Users/MSI/Documents/lds_ws/lk-design-system/packages/core/dist/chunk-U6GEJJ6G.js[22m
[2m오후 11:23:25[22m [36m[1m[vite][22m[39m [90m[2m(client)[22m[39m [32mpage reload [39m[2mC:/Users/MSI/Documents/lds_ws/lk-design-system/packages/core/dist/chunk-CZT4S73U.js[22m
[2m오후 11:23:25[22m [36m[1m[vite][22m[39m [90m[2m(client)[22m[39m [32mpage reload [39m[2mC:/Users/MSI/Documents/lds_ws/lk-design-system/packages/core/dist/chunk-26JWL545.js[22m
[2m오후 11:23:25[22m [36m[1m[vite][22m[39m [90m[2m(client)[22m[39m [32mpage reload [39m[2mC:/Users/MSI/Documents/lds_ws/lk-design-system/packages/core/dist/chunk-UI2I2TV5.js[22m
[2m오후 11:23:25[22m [36m[1m[vite][22m[39m [90m[2m(client)[22m[39m [32mpage reload [39m[2mC:/Users/MSI/Documents/lds_ws/lk-design-system/packages/core/dist/chunk-NTECDBQW.js[22m
[2m오후 11:23:25[22m [36m[1m[vite][22m[39m [90m[2m(client)[22m[39m [32mpage reload [39m[2mC:/Users/MSI/Documents/lds_ws/lk-design-system/packages/core/dist/chunk-F7QSUROJ.js[22m
[2m오후 11:23:25[22m [36m[1m[vite][22m[39m [90m[2m(client)[22m[39m [32mpage reload [39m[2mC:/Users/MSI/Documents/lds_ws/lk-design-system/packages/core/dist/chunk-JUTMKT2R.js[22m
[2m오후 11:23:25[22m [36m[1m[vite][22m[39m [90m[2m(client)[22m[39m [32mpage reload [39m[2mC:/Users/MSI/Documents/lds_ws/lk-design-system/packages/core/dist/chunk-OEE3VP5Q.js[22m
[2m오후 11:23:25[22m [36m[1m[vite][22m[39m [90m[2m(client)[22m[39m [32mpage reload [39m[2mC:/Users/MSI/Documents/lds_ws/lk-design-system/packages/core/dist/chunk-XSX43JSE.js[22m
[2m오후 11:23:25[22m [36m[1m[vite][22m[39m [90m[2m(client)[22m[39m [32mpage reload [39m[2mC:/Users/MSI/Documents/lds_ws/lk-design-system/packages/core/dist/chunk-YPIOAYJD.js[22m
[2m오후 11:23:25[22m [36m[1m[vite][22m[39m [90m[2m(client)[22m[39m [32mpage reload [39m[2mC:/Users/MSI/Documents/lds_ws/lk-design-system/packages/core/dist/chunk-4S3NAPS2.js[22m
[2m오후 11:23:25[22m [36m[1m[vite][22m[39m [90m[2m(client)[22m[39m [32mpage reload [39m[2mC:/Users/MSI/Documents/lds_ws/lk-design-system/packages/core/dist/chunk-HRBOQUCC.js[22m
[2m오후 11:23:25[22m [36m[1m[vite][22m[39m [90m[2m(client)[22m[39m [32mpage reload [39m[2mC:/Users/MSI/Documents/lds_ws/lk-design-system/packages/core/dist/chunk-FCOPBODO.js[22m
[2m오후 11:23:25[22m [36m[1m[vite][22m[39m [90m[2m(client)[22m[39m [32mpage reload [39m[2mC:/Users/MSI/Documents/lds_ws/lk-design-system/packages/core/dist/chunk-TCRSTIDV.js[22m
[2m오후 11:23:25[22m [36m[1m[vite][22m[39m [90m[2m(client)[22m[39m [32mpage reload [39m[2mC:/Users/MSI/Documents/lds_ws/lk-design-system/packages/core/dist/chunk-VL2LVV4M.js[22m
[2m오후 11:23:25[22m [36m[1m[vite][22m[39m [90m[2m(client)[22m[39m [32mpage reload [39m[2mC:/Users/MSI/Documents/lds_ws/lk-design-system/packages/core/dist/chunk-CYOC2EZR.js[22m
[2m오후 11:23:25[22m [36m[1m[vite][22m[39m [90m[2m(client)[22m[39m [32mpage reload [39m[2mC:/Users/MSI/Documents/lds_ws/lk-design-system/packages/core/dist/chunk-WAAL2U4T.js[22m
[2m오후 11:23:25[22m [36m[1m[vite][22m[39m [90m[2m(client)[22m[39m [32mpage reload [39m[2mC:/Users/MSI/Documents/lds_ws/lk-design-system/packages/core/dist/chunk-GB3ZM5MF.js[22m
[2m오후 11:23:25[22m [36m[1m[vite][22m[39m [90m[2m(client)[22m[39m [32mpage reload [39m[2mC:/Users/MSI/Documents/lds_ws/lk-design-system/packages/core/dist/chunk-BZYGJB3K.js[22m
[2m오후 11:23:25[22m [36m[1m[vite][22m[39m [90m[2m(client)[22m[39m [32mhmr update [39m[2m/@id/__x00__virtual:/@storybook/builder-vite/vite-app.js[22m
[2m오후 11:23:25[22m [36m[1m[vite][22m[39m [90m[2m(client)[22m[39m [32mhmr update [39m[2m/@id/__x00__virtual:/@storybook/builder-vite/vite-app.js[22m
[2m오후 11:23:25[22m [36m[1m[vite][22m[39m [90m[2m(client)[22m[39m [32mhmr update [39m[2m/@id/__x00__virtual:/@storybook/builder-vite/vite-app.js[22m
[2m오후 11:23:25[22m [36m[1m[vite][22m[39m [90m[2m(client)[22m[39m [32mhmr update [39m[2m/@id/__x00__virtual:/@storybook/builder-vite/vite-app.js[22m
[2m오후 11:23:25[22m [36m[1m[vite][22m[39m [90m[2m(client)[22m[39m [32mhmr update [39m[2m/@id/__x00__virtual:/@storybook/builder-vite/vite-app.js[22m
[2m오후 11:23:25[22m [36m[1m[vite][22m[39m [90m[2m(client)[22m[39m [32mhmr update [39m[2m/@id/__x00__virtual:/@storybook/builder-vite/vite-app.js[22m
[2m오후 11:23:25[22m [36m[1m[vite][22m[39m [90m[2m(client)[22m[39m [32mhmr update [39m[2m/@id/__x00__virtual:/@storybook/builder-vite/vite-app.js[22m
[2m오후 11:23:25[22m [36m[1m[vite][22m[39m [90m[2m(client)[22m[39m [32mhmr update [39m[2m/@id/__x00__virtual:/@storybook/builder-vite/vite-app.js[22m
[2m오후 11:23:25[22m [36m[1m[vite][22m[39m [90m[2m(client)[22m[39m [32mhmr update [39m[2m/@id/__x00__virtual:/@storybook/builder-vite/vite-app.js[22m
[2m오후 11:23:25[22m [36m[1m[vite][22m[39m [90m[2m(client)[22m[39m [32mhmr update [39m[2m/@id/__x00__virtual:/@storybook/builder-vite/vite-app.js[22m
[2m오후 11:23:25[22m [36m[1m[vite][22m[39m [90m[2m(client)[22m[39m [32mhmr update [39m[2m/@id/__x00__virtual:/@storybook/builder-vite/vite-app.js[22m
[2m오후 11:23:25[22m [36m[1m[vite][22m[39m [90m[2m(client)[22m[39m [32mhmr update [39m[2m/@id/__x00__virtual:/@storybook/builder-vite/vite-app.js[22m
[2m오후 11:23:25[22m [36m[1m[vite][22m[39m [90m[2m(client)[22m[39m [32mhmr update [39m[2m/@id/__x00__virtual:/@storybook/builder-vite/vite-app.js[22m
[2m오후 11:23:25[22m [36m[1m[vite][22m[39m [90m[2m(client)[22m[39m [32mhmr update [39m[2m/@id/__x00__virtual:/@storybook/builder-vite/vite-app.js[22m
[2m오후 11:23:25[22m [36m[1m[vite][22m[39m [90m[2m(client)[22m[39m [32mhmr update [39m[2m/@id/__x00__virtual:/@storybook/builder-vite/vite-app.js[22m
[2m오후 11:23:25[22m [36m[1m[vite][22m[39m [90m[2m(client)[22m[39m [32mpage reload [39m[2mC:/Users/MSI/Documents/lds_ws/lk-design-system/packages/core/dist/chunk-SKT4NDEU.js[22m
[2m오후 11:23:25[22m [36m[1m[vite][22m[39m [90m[2m(client)[22m[39m [32mpage reload [39m[2mC:/Users/MSI/Documents/lds_ws/lk-design-system/packages/core/dist/chunk-44CXNPMX.js[22m
[2m오후 11:23:25[22m [36m[1m[vite][22m[39m [90m[2m(client)[22m[39m [32mpage reload [39m[2mC:/Users/MSI/Documents/lds_ws/lk-design-system/packages/core/dist/chunk-FWHOAPJI.js[22m
[2m오후 11:23:25[22m [36m[1m[vite][22m[39m [90m[2m(client)[22m[39m [32mpage reload [39m[2mC:/Users/MSI/Documents/lds_ws/lk-design-system/packages/core/dist/chunk-2ZQEGDYM.js[22m
[2m오후 11:23:25[22m [36m[1m[vite][22m[39m [90m[2m(client)[22m[39m [32mpage reload [39m[2mC:/Users/MSI/Documents/lds_ws/lk-design-system/packages/core/dist/chunk-NX3TU4G4.js[22m
[2m오후 11:23:25[22m [36m[1m[vite][22m[39m [90m[2m(client)[22m[39m [32mpage reload [39m[2mC:/Users/MSI/Documents/lds_ws/lk-design-system/packages/core/dist/chunk-3SYW6PBT.js[22m
[2m오후 11:23:25[22m [36m[1m[vite][22m[39m [90m[2m(client)[22m[39m [32mpage reload [39m[2mC:/Users/MSI/Documents/lds_ws/lk-design-system/packages/core/dist/chunk-OACAKPKO.js[22m
[2m오후 11:23:25[22m [36m[1m[vite][22m[39m [90m[2m(client)[22m[39m [32mpage reload [39m[2mC:/Users/MSI/Documents/lds_ws/lk-design-system/packages/core/dist/chunk-V7S7GS3Q.js[22m
[2m오후 11:23:25[22m [36m[1m[vite][22m[39m [90m[2m(client)[22m[39m [32mpage reload [39m[2mC:/Users/MSI/Documents/lds_ws/lk-design-system/packages/core/dist/chunk-CN2QJHBP.js[22m
[2m오후 11:23:25[22m [36m[1m[vite][22m[39m [90m[2m(client)[22m[39m [32mpage reload [39m[2mC:/Users/MSI/Documents/lds_ws/lk-design-system/packages/core/dist/chunk-ADDLP6BM.js[22m
[2m오후 11:23:25[22m [36m[1m[vite][22m[39m [90m[2m(client)[22m[39m [32mpage reload [39m[2mC:/Users/MSI/Documents/lds_ws/lk-design-system/packages/core/dist/chunk-2QK3LAMG.js[22m
[2m오후 11:23:25[22m [36m[1m[vite][22m[39m [90m[2m(client)[22m[39m [32mpage reload [39m[2mC:/Users/MSI/Documents/lds_ws/lk-design-system/packages/core/dist/chunk-BXGCTXJX.js[22m
[2m오후 11:23:25[22m [36m[1m[vite][22m[39m [90m[2m(client)[22m[39m [32mpage reload [39m[2mC:/Users/MSI/Documents/lds_ws/lk-design-system/packages/core/dist/chunk-YIQWJFOG.js[22m
[2m오후 11:23:25[22m [36m[1m[vite][22m[39m [90m[2m(client)[22m[39m [32mpage reload [39m[2mC:/Users/MSI/Documents/lds_ws/lk-design-system/packages/core/dist/chunk-MODD6NXA.js[22m
[2m오후 11:23:25[22m [36m[1m[vite][22m[39m [90m[2m(client)[22m[39m [32mpage reload [39m[2mC:/Users/MSI/Documents/lds_ws/lk-design-system/packages/core/dist/chunk-LAPUFFHF.js[22m
[2m오후 11:23:25[22m [36m[1m[vite][22m[39m [90m[2m(client)[22m[39m [32mpage reload [39m[2mC:/Users/MSI/Documents/lds_ws/lk-design-system/packages/core/dist/chunk-5WWAHFUC.js[22m
[2m오후 11:23:25[22m [36m[1m[vite][22m[39m [90m[2m(client)[22m[39m [32mpage reload [39m[2mC:/Users/MSI/Documents/lds_ws/lk-design-system/packages/core/dist/chunk-6ELDU37X.js[22m
[2m오후 11:23:25[22m [36m[1m[vite][22m[39m [90m[2m(client)[22m[39m [32mpage reload [39m[2mC:/Users/MSI/Documents/lds_ws/lk-design-system/packages/core/dist/chunk-WWE47EYM.js[22m
[2m오후 11:23:25[22m [36m[1m[vite][22m[39m [90m[2m(client)[22m[39m [32mpage reload [39m[2mC:/Users/MSI/Documents/lds_ws/lk-design-system/packages/core/dist/chunk-6CNN7J3G.js[22m
[2m오후 11:23:25[22m [36m[1m[vite][22m[39m [90m[2m(client)[22m[39m [32mpage reload [39m[2mC:/Users/MSI/Documents/lds_ws/lk-design-system/packages/core/dist/chunk-VF5BIKHQ.js[22m
[2m오후 11:23:25[22m [36m[1m[vite][22m[39m [90m[2m(client)[22m[39m [32mpage reload [39m[2mC:/Users/MSI/Documents/lds_ws/lk-design-system/packages/core/dist/chunk-WDNFJ372.js[22m
[2m오후 11:23:25[22m [36m[1m[vite][22m[39m [90m[2m(client)[22m[39m [32mpage reload [39m[2mC:/Users/MSI/Documents/lds_ws/lk-design-system/packages/core/dist/chunk-IC45UUNZ.js[22m
[2m오후 11:23:25[22m [36m[1m[vite][22m[39m [90m[2m(client)[22m[39m [32mpage reload [39m[2mC:/Users/MSI/Documents/lds_ws/lk-design-system/packages/core/dist/chunk-M62B2ZNQ.js[22m
[2m오후 11:23:25[22m [36m[1m[vite][22m[39m [90m[2m(client)[22m[39m [32mpage reload [39m[2mC:/Users/MSI/Documents/lds_ws/lk-design-system/packages/core/dist/chunk-24ORA7K7.js[22m
[2m오후 11:23:25[22m [36m[1m[vite][22m[39m [90m[2m(client)[22m[39m [32mpage reload [39m[2mC:/Users/MSI/Documents/lds_ws/lk-design-system/packages/core/dist/chunk-44OFG2SM.js[22m
[2m오후 11:23:25[22m [36m[1m[vite][22m[39m [90m[2m(client)[22m[39m [32mpage reload [39m[2mC:/Users/MSI/Documents/lds_ws/lk-design-system/packages/core/dist/chunk-PFS7VFRK.js[22m
[2m오후 11:23:25[22m [36m[1m[vite][22m[39m [90m[2m(client)[22m[39m [32mpage reload [39m[2mC:/Users/MSI/Documents/lds_ws/lk-design-system/packages/core/dist/chunk-PR2QBZED.js[22m
[2m오후 11:23:25[22m [36m[1m[vite][22m[39m [90m[2m(client)[22m[39m [32mpage reload [39m[2mC:/Users/MSI/Documents/lds_ws/lk-design-system/packages/core/dist/chunk-6U3HDUNE.js[22m
[2m오후 11:23:25[22m [36m[1m[vite][22m[39m [90m[2m(client)[22m[39m [32mpage reload [39m[2mC:/Users/MSI/Documents/lds_ws/lk-design-system/packages/core/dist/chunk-F72DWVHV.js[22m
[2m오후 11:23:25[22m [36m[1m[vite][22m[39m [90m[2m(client)[22m[39m [32mpage reload [39m[2mC:/Users/MSI/Documents/lds_ws/lk-design-system/packages/core/dist/chunk-NO3DAHZJ.js[22m
[2m오후 11:23:25[22m [36m[1m[vite][22m[39m [90m[2m(client)[22m[39m [32mpage reload [39m[2mC:/Users/MSI/Documents/lds_ws/lk-design-system/packages/core/dist/chunk-GKHJTRLN.js[22m
[2m오후 11:23:25[22m [36m[1m[vite][22m[39m [90m[2m(client)[22m[39m [32mpage reload [39m[2mC:/Users/MSI/Documents/lds_ws/lk-design-system/packages/core/dist/chunk-QJK4IP35.js[22m
[2m오후 11:23:25[22m [36m[1m[vite][22m[39m [90m[2m(client)[22m[39m [32mpage reload [39m[2mC:/Users/MSI/Documents/lds_ws/lk-design-system/packages/core/dist/chunk-QEFMLEJK.js[22m
[2m오후 11:23:25[22m [36m[1m[vite][22m[39m [90m[2m(client)[22m[39m [32mpage reload [39m[2mC:/Users/MSI/Documents/lds_ws/lk-design-system/packages/core/dist/chunk-UNI3MQ4S.js[22m
[2m오후 11:23:25[22m [36m[1m[vite][22m[39m [90m[2m(client)[22m[39m [32mpage reload [39m[2mC:/Users/MSI/Documents/lds_ws/lk-design-system/packages/core/dist/chunk-QVTH6CIZ.js[22m
[2m오후 11:23:25[22m [36m[1m[vite][22m[39m [90m[2m(client)[22m[39m [32mpage reload [39m[2mC:/Users/MSI/Documents/lds_ws/lk-design-system/packages/core/dist/chunk-FQL3E6QA.js[22m
[2m오후 11:23:25[22m [36m[1m[vite][22m[39m [90m[2m(client)[22m[39m [32mpage reload [39m[2mC:/Users/MSI/Documents/lds_ws/lk-design-system/packages/core/dist/chunk-4KEL6LVF.js[22m
[2m오후 11:23:25[22m [36m[1m[vite][22m[39m [90m[2m(client)[22m[39m [32mpage reload [39m[2mC:/Users/MSI/Documents/lds_ws/lk-design-system/packages/core/dist/chunk-EOVKICU4.js[22m
[2m오후 11:23:25[22m [36m[1m[vite][22m[39m [90m[2m(client)[22m[39m [32mpage reload [39m[2mC:/Users/MSI/Documents/lds_ws/lk-design-system/packages/core/dist/chunk-TR4TYXTD.js[22m
[2m오후 11:23:25[22m [36m[1m[vite][22m[39m [90m[2m(client)[22m[39m [32mpage reload [39m[2mC:/Users/MSI/Documents/lds_ws/lk-design-system/packages/core/dist/chunk-G6LGKUCV.js[22m
[2m오후 11:23:25[22m [36m[1m[vite][22m[39m [90m[2m(client)[22m[39m [32mpage reload [39m[2mC:/Users/MSI/Documents/lds_ws/lk-design-system/packages/core/dist/chunk-5YYTHQDT.js[22m
[2m오후 11:23:25[22m [36m[1m[vite][22m[39m [90m[2m(client)[22m[39m [32mpage reload [39m[2mC:/Users/MSI/Documents/lds_ws/lk-design-system/packages/core/dist/chunk-W5DUMO7Q.js[22m
[2m오후 11:23:25[22m [36m[1m[vite][22m[39m [90m[2m(client)[22m[39m [32mpage reload [39m[2mC:/Users/MSI/Documents/lds_ws/lk-design-system/packages/core/dist/chunk-6OBB3LM7.js[22m
[2m오후 11:23:25[22m [36m[1m[vite][22m[39m [90m[2m(client)[22m[39m [32mpage reload [39m[2mC:/Users/MSI/Documents/lds_ws/lk-design-system/packages/core/dist/chunk-OPIW6AKC.js[22m
[2m오후 11:23:25[22m [36m[1m[vite][22m[39m [90m[2m(client)[22m[39m [32mpage reload [39m[2mC:/Users/MSI/Documents/lds_ws/lk-design-system/packages/core/dist/chunk-B6GPEOJD.js[22m
[2m오후 11:23:25[22m [36m[1m[vite][22m[39m [90m[2m(client)[22m[39m [32mpage reload [39m[2mC:/Users/MSI/Documents/lds_ws/lk-design-system/packages/core/dist/chunk-AHBDWZ6A.js[22m
[2m오후 11:23:25[22m [36m[1m[vite][22m[39m [90m[2m(client)[22m[39m [32mpage reload [39m[2mC:/Users/MSI/Documents/lds_ws/lk-design-system/packages/core/dist/chunk-JPYD55H2.js[22m
[2m오후 11:23:25[22m [36m[1m[vite][22m[39m [90m[2m(client)[22m[39m [32mpage reload [39m[2mC:/Users/MSI/Documents/lds_ws/lk-design-system/packages/core/dist/chunk-4RI7FOTH.js[22m
[2m오후 11:23:25[22m [36m[1m[vite][22m[39m [90m[2m(client)[22m[39m [32mpage reload [39m[2mC:/Users/MSI/Documents/lds_ws/lk-design-system/packages/core/dist/chunk-LVWFEVQA.js[22m
[2m오후 11:23:25[22m [36m[1m[vite][22m[39m [90m[2m(client)[22m[39m [32mpage reload [39m[2mC:/Users/MSI/Documents/lds_ws/lk-design-system/packages/core/dist/chunk-6YAJTY2J.js[22m
[2m오후 11:23:25[22m [36m[1m[vite][22m[39m [90m[2m(client)[22m[39m [32mpage reload [39m[2mC:/Users/MSI/Documents/lds_ws/lk-design-system/packages/core/dist/chunk-CIRMFDJK.js[22m
[2m오후 11:23:25[22m [36m[1m[vite][22m[39m [90m[2m(client)[22m[39m [32mpage reload [39m[2mC:/Users/MSI/Documents/lds_ws/lk-design-system/packages/core/dist/chunk-V5DS3VLV.js[22m
[2m오후 11:23:25[22m [36m[1m[vite][22m[39m [90m[2m(client)[22m[39m [32mpage reload [39m[2mC:/Users/MSI/Documents/lds_ws/lk-design-system/packages/core/dist/chunk-BEHEWEDL.js[22m
[2m오후 11:23:25[22m [36m[1m[vite][22m[39m [90m[2m(client)[22m[39m [32mpage reload [39m[2mC:/Users/MSI/Documents/lds_ws/lk-design-system/packages/core/dist/chunk-BZYGJB3K.js[22m
[2m오후 11:23:27[22m [36m[1m[vite][22m[39m [90m[2m(client)[22m[39m [32mhmr update [39m[2m/@id/__x00__virtual:/@storybook/builder-vite/vite-app.js[22m
[2m오후 11:23:27[22m [36m[1m[vite][22m[39m [90m[2m(client)[22m[39m [32mhmr update [39m[2m/@id/__x00__virtual:/@storybook/builder-vite/vite-app.js[22m
[2m오후 11:23:27[22m [36m[1m[vite][22m[39m [90m[2m(client)[22m[39m [32mhmr update [39m[2m/@id/__x00__virtual:/@storybook/builder-vite/vite-app.js[22m
[2m오후 11:23:27[22m [36m[1m[vite][22m[39m [90m[2m(client)[22m[39m [32mhmr update [39m[2m/@id/__x00__virtual:/@storybook/builder-vite/vite-app.js[22m
[2m오후 11:23:27[22m [36m[1m[vite][22m[39m [90m[2m(client)[22m[39m [32mhmr update [39m[2m/@id/__x00__virtual:/@storybook/builder-vite/vite-app.js[22m
[2m오후 11:23:27[22m [36m[1m[vite][22m[39m [90m[2m(client)[22m[39m [32mhmr update [39m[2m/@id/__x00__virtual:/@storybook/builder-vite/vite-app.js[22m
[2m오후 11:23:27[22m [36m[1m[vite][22m[39m [90m[2m(client)[22m[39m [32mhmr update [39m[2m/@id/__x00__virtual:/@storybook/builder-vite/vite-app.js[22m
[2m오후 11:23:27[22m [36m[1m[vite][22m[39m [90m[2m(client)[22m[39m [32mhmr update [39m[2m/@id/__x00__virtual:/@storybook/builder-vite/vite-app.js[22m
[2m오후 11:23:27[22m [36m[1m[vite][22m[39m [90m[2m(client)[22m[39m [32mhmr update [39m[2m/@id/__x00__virtual:/@storybook/builder-vite/vite-app.js[22m
[2m오후 11:23:27[22m [36m[1m[vite][22m[39m [90m[2m(client)[22m[39m [32mhmr update [39m[2m/@id/__x00__virtual:/@storybook/builder-vite/vite-app.js[22m
[2m오후 11:23:27[22m [36m[1m[vite][22m[39m [90m[2m(client)[22m[39m [32mhmr update [39m[2m/@id/__x00__virtual:/@storybook/builder-vite/vite-app.js[22m
[2m오후 11:23:27[22m [36m[1m[vite][22m[39m [90m[2m(client)[22m[39m [32mhmr update [39m[2m/@id/__x00__virtual:/@storybook/builder-vite/vite-app.js[22m
[2m오후 11:23:27[22m [36m[1m[vite][22m[39m [90m[2m(client)[22m[39m [32mhmr update [39m[2m/@id/__x00__virtual:/@storybook/builder-vite/vite-app.js[22m
[2m오후 11:23:27[22m [36m[1m[vite][22m[39m [90m[2m(client)[22m[39m [32mhmr update [39m[2m/@id/__x00__virtual:/@storybook/builder-vite/vite-app.js[22m
[2m오후 11:23:27[22m [36m[1m[vite][22m[39m [90m[2m(client)[22m[39m [32mhmr update [39m[2m/@id/__x00__virtual:/@storybook/builder-vite/vite-app.js[22m
[2m오후 11:23:27[22m [36m[1m[vite][22m[39m [90m[2m(client)[22m[39m [32mhmr update [39m[2m/@id/__x00__virtual:/@storybook/builder-vite/vite-app.js[22m
[2m오후 11:23:27[22m [36m[1m[vite][22m[39m [90m[2m(client)[22m[39m [32mhmr update [39m[2m/@id/__x00__virtual:/@storybook/builder-vite/vite-app.js[22m
[2m오후 11:23:27[22m [36m[1m[vite][22m[39m [90m[2m(client)[22m[39m [32mhmr update [39m[2m/@id/__x00__virtual:/@storybook/builder-vite/vite-app.js[22m
[2m오후 11:23:27[22m [36m[1m[vite][22m[39m [90m[2m(client)[22m[39m [32mhmr update [39m[2m/@id/__x00__virtual:/@storybook/builder-vite/vite-app.js[22m
[2m오후 11:23:27[22m [36m[1m[vite][22m[39m [90m[2m(client)[22m[39m [32mhmr update [39m[2m/@id/__x00__virtual:/@storybook/builder-vite/vite-app.js[22m
[2m오후 11:23:27[22m [36m[1m[vite][22m[39m [90m[2m(client)[22m[39m [32mhmr update [39m[2m/@id/__x00__virtual:/@storybook/builder-vite/vite-app.js[22m
[2m오후 11:23:27[22m [36m[1m[vite][22m[39m [90m[2m(client)[22m[39m [32mhmr update [39m[2m/@id/__x00__virtual:/@storybook/builder-vite/vite-app.js[22m
[2m오후 11:23:27[22m [36m[1m[vite][22m[39m [90m[2m(client)[22m[39m [32mhmr update [39m[2m/@id/__x00__virtual:/@storybook/builder-vite/vite-app.js[22m
[2m오후 11:23:27[22m [36m[1m[vite][22m[39m [90m[2m(client)[22m[39m [32mhmr update [39m[2m/@id/__x00__virtual:/@storybook/builder-vite/vite-app.js[22m
[2m오후 11:23:27[22m [36m[1m[vite][22m[39m [90m[2m(client)[22m[39m [32mhmr update [39m[2m/@id/__x00__virtual:/@storybook/builder-vite/vite-app.js[22m
[2m오후 11:23:27[22m [36m[1m[vite][22m[39m [90m[2m(client)[22m[39m [32mhmr update [39m[2m/@id/__x00__virtual:/@storybook/builder-vite/vite-app.js[22m
[2m오후 11:23:27[22m [36m[1m[vite][22m[39m [90m[2m(client)[22m[39m [32mhmr update [39m[2m/@id/__x00__virtual:/@storybook/builder-vite/vite-app.js[22m
[2m오후 11:23:27[22m [36m[1m[vite][22m[39m [90m[2m(client)[22m[39m [32mhmr update [39m[2m/@id/__x00__virtual:/@storybook/builder-vite/vite-app.js[22m
[2m오후 11:23:27[22m [36m[1m[vite][22m[39m [90m[2m(client)[22m[39m [32mhmr update [39m[2m/@id/__x00__virtual:/@storybook/builder-vite/vite-app.js[22m
[2m오후 11:23:27[22m [36m[1m[vite][22m[39m [90m[2m(client)[22m[39m [32mhmr update [39m[2m/@id/__x00__virtual:/@storybook/builder-vite/vite-app.js[22m
[2m오후 11:23:27[22m [36m[1m[vite][22m[39m [90m[2m(client)[22m[39m [32mhmr update [39m[2m/@id/__x00__virtual:/@storybook/builder-vite/vite-app.js[22m
[2m오후 11:23:27[22m [36m[1m[vite][22m[39m [90m[2m(client)[22m[39m [32mhmr update [39m[2m/@id/__x00__virtual:/@storybook/builder-vite/vite-app.js[22m
[2m오후 11:23:27[22m [36m[1m[vite][22m[39m [90m[2m(client)[22m[39m [32mhmr update [39m[2m/@id/__x00__virtual:/@storybook/builder-vite/vite-app.js[22m
[2m오후 11:23:27[22m [36m[1m[vite][22m[39m [90m[2m(client)[22m[39m [32mhmr update [39m[2m/@id/__x00__virtual:/@storybook/builder-vite/vite-app.js[22m
[2m오후 11:23:27[22m [36m[1m[vite][22m[39m [90m[2m(client)[22m[39m [32mhmr update [39m[2m/@id/__x00__virtual:/@storybook/builder-vite/vite-app.js[22m
[2m오후 11:23:27[22m [36m[1m[vite][22m[39m [90m[2m(client)[22m[39m [32mhmr update [39m[2m/@id/__x00__virtual:/@storybook/builder-vite/vite-app.js[22m
[2m오후 11:23:27[22m [36m[1m[vite][22m[39m [90m[2m(client)[22m[39m [32mhmr update [39m[2m/@id/__x00__virtual:/@storybook/builder-vite/vite-app.js[22m
[2m오후 11:23:27[22m [36m[1m[vite][22m[39m [90m[2m(client)[22m[39m [32mhmr update [39m[2m/@id/__x00__virtual:/@storybook/builder-vite/vite-app.js[22m
[2m오후 11:23:27[22m [36m[1m[vite][22m[39m [90m[2m(client)[22m[39m [32mhmr update [39m[2m/@id/__x00__virtual:/@storybook/builder-vite/vite-app.js[22m
[2m오후 11:23:27[22m [36m[1m[vite][22m[39m [90m[2m(client)[22m[39m [32mhmr update [39m[2m/@id/__x00__virtual:/@storybook/builder-vite/vite-app.js[22m
[2m오후 11:23:27[22m [36m[1m[vite][22m[39m [90m[2m(client)[22m[39m [32mhmr update [39m[2m/@id/__x00__virtual:/@storybook/builder-vite/vite-app.js[22m
[2m오후 11:23:27[22m [36m[1m[vite][22m[39m [90m[2m(client)[22m[39m [32mhmr update [39m[2m/@id/__x00__virtual:/@storybook/builder-vite/vite-app.js[22m
[2m오후 11:23:27[22m [36m[1m[vite][22m[39m [90m[2m(client)[22m[39m [32mhmr update [39m[2m/@id/__x00__virtual:/@storybook/builder-vite/vite-app.js[22m
[2m오후 11:23:27[22m [36m[1m[vite][22m[39m [90m[2m(client)[22m[39m [32mhmr update [39m[2m/@id/__x00__virtual:/@storybook/builder-vite/vite-app.js[22m
[2m오후 11:23:27[22m [36m[1m[vite][22m[39m [90m[2m(client)[22m[39m [32mhmr update [39m[2m/@id/__x00__virtual:/@storybook/builder-vite/vite-app.js[22m
[2m오후 11:23:27[22m [36m[1m[vite][22m[39m [90m[2m(client)[22m[39m [32mhmr update [39m[2m/@id/__x00__virtual:/@storybook/builder-vite/vite-app.js[22m
[2m오후 11:23:27[22m [36m[1m[vite][22m[39m [90m[2m(client)[22m[39m [32mhmr update [39m[2m/@id/__x00__virtual:/@storybook/builder-vite/vite-app.js[22m
[2m오후 11:23:27[22m [36m[1m[vite][22m[39m [90m[2m(client)[22m[39m [32mhmr update [39m[2m/@id/__x00__virtual:/@storybook/builder-vite/vite-app.js[22m
[2m오후 11:23:27[22m [36m[1m[vite][22m[39m [90m[2m(client)[22m[39m [32mhmr update [39m[2m/@id/__x00__virtual:/@storybook/builder-vite/vite-app.js[22m
[2m오후 11:23:27[22m [36m[1m[vite][22m[39m [90m[2m(client)[22m[39m [32mhmr update [39m[2m/@id/__x00__virtual:/@storybook/builder-vite/vite-app.js[22m
[2m오후 11:23:27[22m [36m[1m[vite][22m[39m [90m[2m(client)[22m[39m [32mhmr update [39m[2m/@id/__x00__virtual:/@storybook/builder-vite/vite-app.js[22m
[2m오후 11:23:27[22m [36m[1m[vite][22m[39m [90m[2m(client)[22m[39m [32mhmr update [39m[2m/@id/__x00__virtual:/@storybook/builder-vite/vite-app.js[22m
[2m오후 11:23:27[22m [36m[1m[vite][22m[39m [90m[2m(client)[22m[39m [32mhmr update [39m[2m/@id/__x00__virtual:/@storybook/builder-vite/vite-app.js[22m
[2m오후 11:23:27[22m [36m[1m[vite][22m[39m [90m[2m(client)[22m[39m [32mhmr update [39m[2m/@id/__x00__virtual:/@storybook/builder-vite/vite-app.js[22m
[2m오후 11:23:27[22m [36m[1m[vite][22m[39m [90m[2m(client)[22m[39m [32mhmr update [39m[2m/@id/__x00__virtual:/@storybook/builder-vite/vite-app.js[22m
[2m오후 11:23:27[22m [36m[1m[vite][22m[39m [90m[2m(client)[22m[39m [32mhmr update [39m[2m/@id/__x00__virtual:/@storybook/builder-vite/vite-app.js[22m
[2m오후 11:23:27[22m [36m[1m[vite][22m[39m [90m[2m(client)[22m[39m [32mhmr update [39m[2m/@id/__x00__virtual:/@storybook/builder-vite/vite-app.js[22m
[2m오후 11:23:27[22m [36m[1m[vite][22m[39m [90m[2m(client)[22m[39m [32mhmr update [39m[2m/@id/__x00__virtual:/@storybook/builder-vite/vite-app.js[22m
[2m오후 11:23:27[22m [36m[1m[vite][22m[39m [90m[2m(client)[22m[39m [32mhmr update [39m[2m/@id/__x00__virtual:/@storybook/builder-vite/vite-app.js[22m
[2m오후 11:23:27[22m [36m[1m[vite][22m[39m [90m[2m(client)[22m[39m [32mhmr update [39m[2m/@id/__x00__virtual:/@storybook/builder-vite/vite-app.js[22m
[2m오후 11:23:27[22m [36m[1m[vite][22m[39m [90m[2m(client)[22m[39m [32mhmr update [39m[2m/@id/__x00__virtual:/@storybook/builder-vite/vite-app.js[22m
[2m오후 11:23:27[22m [36m[1m[vite][22m[39m [90m[2m(client)[22m[39m [32mhmr update [39m[2m/@id/__x00__virtual:/@storybook/builder-vite/vite-app.js[22m
[2m오후 11:23:27[22m [36m[1m[vite][22m[39m [90m[2m(client)[22m[39m [32mhmr update [39m[2m/@id/__x00__virtual:/@storybook/builder-vite/vite-app.js[22m
[2m오후 11:23:27[22m [36m[1m[vite][22m[39m [90m[2m(client)[22m[39m [32mhmr update [39m[2m/@id/__x00__virtual:/@storybook/builder-vite/vite-app.js[22m
[2m오후 11:23:27[22m [36m[1m[vite][22m[39m [90m[2m(client)[22m[39m [32mhmr update [39m[2m/@id/__x00__virtual:/@storybook/builder-vite/vite-app.js[22m
[2m오후 11:23:27[22m [36m[1m[vite][22m[39m [90m[2m(client)[22m[39m [32mhmr update [39m[2m/@id/__x00__virtual:/@storybook/builder-vite/vite-app.js[22m
[2m오후 11:23:27[22m [36m[1m[vite][22m[39m [90m[2m(client)[22m[39m [32mhmr update [39m[2m/@id/__x00__virtual:/@storybook/builder-vite/vite-app.js[22m
[2m오후 11:23:27[22m [36m[1m[vite][22m[39m [90m[2m(client)[22m[39m [32mhmr update [39m[2m/@id/__x00__virtual:/@storybook/builder-vite/vite-app.js[22m
[2m오후 11:23:27[22m [36m[1m[vite][22m[39m [90m[2m(client)[22m[39m [32mhmr update [39m[2m/@id/__x00__virtual:/@storybook/builder-vite/vite-app.js[22m
[2m오후 11:23:27[22m [36m[1m[vite][22m[39m [90m[2m(client)[22m[39m [32mhmr update [39m[2m/@id/__x00__virtual:/@storybook/builder-vite/vite-app.js[22m
[2m오후 11:23:27[22m [36m[1m[vite][22m[39m [90m[2m(client)[22m[39m [32mhmr update [39m[2m/@id/__x00__virtual:/@storybook/builder-vite/vite-app.js[22m
[2m오후 11:23:27[22m [36m[1m[vite][22m[39m [90m[2m(client)[22m[39m [32mhmr update [39m[2m/@id/__x00__virtual:/@storybook/builder-vite/vite-app.js[22m
[2m오후 11:23:27[22m [36m[1m[vite][22m[39m [90m[2m(client)[22m[39m [32mhmr update [39m[2m/@id/__x00__virtual:/@storybook/builder-vite/vite-app.js[22m
[2m오후 11:23:27[22m [36m[1m[vite][22m[39m [90m[2m(client)[22m[39m [32mhmr update [39m[2m/@id/__x00__virtual:/@storybook/builder-vite/vite-app.js[22m
[2m오후 11:23:27[22m [36m[1m[vite][22m[39m [90m[2m(client)[22m[39m [32mhmr update [39m[2m/@id/__x00__virtual:/@storybook/builder-vite/vite-app.js[22m
[2m오후 11:23:27[22m [36m[1m[vite][22m[39m [90m[2m(client)[22m[39m [32mhmr update [39m[2m/@id/__x00__virtual:/@storybook/builder-vite/vite-app.js[22m
[2m오후 11:23:27[22m [36m[1m[vite][22m[39m [90m[2m(client)[22m[39m [32mhmr update [39m[2m/@id/__x00__virtual:/@storybook/builder-vite/vite-app.js[22m
[2m오후 11:23:27[22m [36m[1m[vite][22m[39m [90m[2m(client)[22m[39m [32mhmr update [39m[2m/@id/__x00__virtual:/@storybook/builder-vite/vite-app.js[22m
[2m오후 11:23:27[22m [36m[1m[vite][22m[39m [90m[2m(client)[22m[39m [32mhmr update [39m[2m/@id/__x00__virtual:/@storybook/builder-vite/vite-app.js[22m
[2m오후 11:23:27[22m [36m[1m[vite][22m[39m [90m[2m(client)[22m[39m [32mhmr update [39m[2m/@id/__x00__virtual:/@storybook/builder-vite/vite-app.js[22m
[2m오후 11:23:27[22m [36m[1m[vite][22m[39m [90m[2m(client)[22m[39m [32mhmr update [39m[2m/@id/__x00__virtual:/@storybook/builder-vite/vite-app.js[22m
[2m오후 11:23:27[22m [36m[1m[vite][22m[39m [90m[2m(client)[22m[39m [32mhmr update [39m[2m/@id/__x00__virtual:/@storybook/builder-vite/vite-app.js[22m
[2m오후 11:23:27[22m [36m[1m[vite][22m[39m [90m[2m(client)[22m[39m [32mhmr update [39m[2m/@id/__x00__virtual:/@storybook/builder-vite/vite-app.js[22m
[2m오후 11:23:27[22m [36m[1m[vite][22m[39m [90m[2m(client)[22m[39m [32mhmr update [39m[2m/@id/__x00__virtual:/@storybook/builder-vite/vite-app.js[22m
[2m오후 11:23:27[22m [36m[1m[vite][22m[39m [90m[2m(client)[22m[39m [32mhmr update [39m[2m/@id/__x00__virtual:/@storybook/builder-vite/vite-app.js[22m
[2m오후 11:23:27[22m [36m[1m[vite][22m[39m [90m[2m(client)[22m[39m [32mhmr update [39m[2m/@id/__x00__virtual:/@storybook/builder-vite/vite-app.js[22m
[2m오후 11:23:27[22m [36m[1m[vite][22m[39m [90m[2m(client)[22m[39m [32mhmr update [39m[2m/@id/__x00__virtual:/@storybook/builder-vite/vite-app.js[22m
[2m오후 11:23:27[22m [36m[1m[vite][22m[39m [90m[2m(client)[22m[39m [32mhmr update [39m[2m/@id/__x00__virtual:/@storybook/builder-vite/vite-app.js[22m
[2m오후 11:23:27[22m [36m[1m[vite][22m[39m [90m[2m(client)[22m[39m [32mhmr update [39m[2m/@id/__x00__virtual:/@storybook/builder-vite/vite-app.js[22m
[2m오후 11:23:27[22m [36m[1m[vite][22m[39m [90m[2m(client)[22m[39m [32mhmr update [39m[2m/@id/__x00__virtual:/@storybook/builder-vite/vite-app.js[22m
[2m오후 11:23:27[22m [36m[1m[vite][22m[39m [90m[2m(client)[22m[39m [32mhmr update [39m[2m/@id/__x00__virtual:/@storybook/builder-vite/vite-app.js[22m
[2m오후 11:23:27[22m [36m[1m[vite][22m[39m [90m[2m(client)[22m[39m [32mhmr update [39m[2m/@id/__x00__virtual:/@storybook/builder-vite/vite-app.js[22m
[2m오후 11:23:27[22m [36m[1m[vite][22m[39m [90m[2m(client)[22m[39m [32mhmr update [39m[2m/@id/__x00__virtual:/@storybook/builder-vite/vite-app.js[22m
[2m오후 11:23:27[22m [36m[1m[vite][22m[39m [90m[2m(client)[22m[39m [32mhmr update [39m[2m/@id/__x00__virtual:/@storybook/builder-vite/vite-app.js[22m
[2m오후 11:23:27[22m [36m[1m[vite][22m[39m [90m[2m(client)[22m[39m [32mhmr update [39m[2m/@id/__x00__virtual:/@storybook/builder-vite/vite-app.js[22m
[2m오후 11:23:27[22m [36m[1m[vite][22m[39m [90m[2m(client)[22m[39m [32mhmr update [39m[2m/@id/__x00__virtual:/@storybook/builder-vite/vite-app.js[22m
[2m오후 11:23:27[22m [36m[1m[vite][22m[39m [90m[2m(client)[22m[39m [32mhmr update [39m[2m/@id/__x00__virtual:/@storybook/builder-vite/vite-app.js[22m
[2m오후 11:23:27[22m [36m[1m[vite][22m[39m [90m[2m(client)[22m[39m [32mhmr update [39m[2m/@id/__x00__virtual:/@storybook/builder-vite/vite-app.js[22m
[2m오후 11:23:27[22m [36m[1m[vite][22m[39m [90m[2m(client)[22m[39m [32mhmr update [39m[2m/@id/__x00__virtual:/@storybook/builder-vite/vite-app.js[22m
[2m오후 11:23:27[22m [36m[1m[vite][22m[39m [90m[2m(client)[22m[39m [32mhmr update [39m[2m/@id/__x00__virtual:/@storybook/builder-vite/vite-app.js[22m
[2m오후 11:23:27[22m [36m[1m[vite][22m[39m [90m[2m(client)[22m[39m [32mhmr update [39m[2m/@id/__x00__virtual:/@storybook/builder-vite/vite-app.js[22m
[2m오후 11:23:27[22m [36m[1m[vite][22m[39m [90m[2m(client)[22m[39m [32mhmr update [39m[2m/@id/__x00__virtual:/@storybook/builder-vite/vite-app.js[22m
[2m오후 11:23:27[22m [36m[1m[vite][22m[39m [90m[2m(client)[22m[39m [32mhmr update [39m[2m/@id/__x00__virtual:/@storybook/builder-vite/vite-app.js[22m
[2m오후 11:23:27[22m [36m[1m[vite][22m[39m [90m[2m(client)[22m[39m [32mhmr update [39m[2m/@id/__x00__virtual:/@storybook/builder-vite/vite-app.js[22m
[2m오후 11:23:27[22m [36m[1m[vite][22m[39m [90m[2m(client)[22m[39m [32mhmr update [39m[2m/@id/__x00__virtual:/@storybook/builder-vite/vite-app.js[22m
[2m오후 11:23:27[22m [36m[1m[vite][22m[39m [90m[2m(client)[22m[39m [32mhmr update [39m[2m/@id/__x00__virtual:/@storybook/builder-vite/vite-app.js[22m
[2m오후 11:23:27[22m [36m[1m[vite][22m[39m [90m[2m(client)[22m[39m [32mhmr update [39m[2m/@id/__x00__virtual:/@storybook/builder-vite/vite-app.js[22m
[2m오후 11:23:27[22m [36m[1m[vite][22m[39m [90m[2m(client)[22m[39m [32mhmr update [39m[2m/@id/__x00__virtual:/@storybook/builder-vite/vite-app.js[22m
[2m오후 11:23:27[22m [36m[1m[vite][22m[39m [90m[2m(client)[22m[39m [32mhmr update [39m[2m/@id/__x00__virtual:/@storybook/builder-vite/vite-app.js[22m
[2m오후 11:23:27[22m [36m[1m[vite][22m[39m [90m[2m(client)[22m[39m [32mhmr update [39m[2m/@id/__x00__virtual:/@storybook/builder-vite/vite-app.js[22m
[2m오후 11:23:27[22m [36m[1m[vite][22m[39m [90m[2m(client)[22m[39m [32mhmr update [39m[2m/@id/__x00__virtual:/@storybook/builder-vite/vite-app.js[22m
[2m오후 11:23:27[22m [36m[1m[vite][22m[39m [90m[2m(client)[22m[39m [32mhmr update [39m[2m/@id/__x00__virtual:/@storybook/builder-vite/vite-app.js[22m
[2m오후 11:23:27[22m [36m[1m[vite][22m[39m [90m[2m(client)[22m[39m [32mhmr update [39m[2m/@id/__x00__virtual:/@storybook/builder-vite/vite-app.js[22m
[2m오후 11:23:27[22m [36m[1m[vite][22m[39m [90m[2m(client)[22m[39m [32mhmr update [39m[2m/@id/__x00__virtual:/@storybook/builder-vite/vite-app.js[22m
[2m오후 11:23:27[22m [36m[1m[vite][22m[39m [90m[2m(client)[22m[39m [32mhmr update [39m[2m/@id/__x00__virtual:/@storybook/builder-vite/vite-app.js[22m
[2m오후 11:23:27[22m [36m[1m[vite][22m[39m [90m[2m(client)[22m[39m [32mhmr update [39m[2m/@id/__x00__virtual:/@storybook/builder-vite/vite-app.js[22m
[2m오후 11:23:27[22m [36m[1m[vite][22m[39m [90m[2m(client)[22m[39m [32mhmr update [39m[2m/@id/__x00__virtual:/@storybook/builder-vite/vite-app.js[22m
[2m오후 11:23:27[22m [36m[1m[vite][22m[39m [90m[2m(client)[22m[39m [32mhmr update [39m[2m/@id/__x00__virtual:/@storybook/builder-vite/vite-app.js[22m
[2m오후 11:23:27[22m [36m[1m[vite][22m[39m [90m[2m(client)[22m[39m [32mhmr update [39m[2m/@id/__x00__virtual:/@storybook/builder-vite/vite-app.js[22m
[2m오후 11:23:27[22m [36m[1m[vite][22m[39m [90m[2m(client)[22m[39m [32mhmr update [39m[2m/@id/__x00__virtual:/@storybook/builder-vite/vite-app.js[22m
[2m오후 11:23:27[22m [36m[1m[vite][22m[39m [90m[2m(client)[22m[39m [32mhmr update [39m[2m/@id/__x00__virtual:/@storybook/builder-vite/vite-app.js[22m
[2m오후 11:23:27[22m [36m[1m[vite][22m[39m [90m[2m(client)[22m[39m [32mhmr update [39m[2m/@id/__x00__virtual:/@storybook/builder-vite/vite-app.js[22m
[2m오후 11:23:27[22m [36m[1m[vite][22m[39m [90m[2m(client)[22m[39m [32mhmr update [39m[2m/@id/__x00__virtual:/@storybook/builder-vite/vite-app.js[22m
[2m오후 11:23:27[22m [36m[1m[vite][22m[39m [90m[2m(client)[22m[39m [32mhmr update [39m[2m/@id/__x00__virtual:/@storybook/builder-vite/vite-app.js[22m
[2m오후 11:23:27[22m [36m[1m[vite][22m[39m [90m[2m(client)[22m[39m [32mhmr update [39m[2m/@id/__x00__virtual:/@storybook/builder-vite/vite-app.js[22m
[2m오후 11:23:27[22m [36m[1m[vite][22m[39m [90m[2m(client)[22m[39m [32mhmr update [39m[2m/@id/__x00__virtual:/@storybook/builder-vite/vite-app.js[22m
[2m오후 11:23:27[22m [36m[1m[vite][22m[39m [90m[2m(client)[22m[39m [32mhmr update [39m[2m/@id/__x00__virtual:/@storybook/builder-vite/vite-app.js[22m
[2m오후 11:23:27[22m [36m[1m[vite][22m[39m [90m[2m(client)[22m[39m [32mhmr update [39m[2m/@id/__x00__virtual:/@storybook/builder-vite/vite-app.js[22m
[2m오후 11:27:02[22m [36m[1m[vite][22m[39m [90m[2m(client)[22m[39m [32mpage reload [39m[2mC:/Users/MSI/Documents/lds_ws/lk-design-system/packages/core/dist/chunk-24ORA7K7.js[22m
[2m오후 11:27:02[22m [36m[1m[vite][22m[39m [90m[2m(client)[22m[39m [32mpage reload [39m[2mC:/Users/MSI/Documents/lds_ws/lk-design-system/packages/core/dist/chunk-26JWL545.js[22m
[2m오후 11:27:02[22m [36m[1m[vite][22m[39m [90m[2m(client)[22m[39m [32mpage reload [39m[2mC:/Users/MSI/Documents/lds_ws/lk-design-system/packages/core/dist/chunk-2QK3LAMG.js[22m
[2m오후 11:27:02[22m [36m[1m[vite][22m[39m [90m[2m(client)[22m[39m [32mpage reload [39m[2mC:/Users/MSI/Documents/lds_ws/lk-design-system/packages/core/dist/chunk-2UHM22L2.js[22m
[2m오후 11:27:02[22m [36m[1m[vite][22m[39m [90m[2m(client)[22m[39m [32mpage reload [39m[2mC:/Users/MSI/Documents/lds_ws/lk-design-system/packages/core/dist/chunk-2ZQEGDYM.js[22m
[2m오후 11:27:02[22m [36m[1m[vite][22m[39m [90m[2m(client)[22m[39m [32mpage reload [39m[2mC:/Users/MSI/Documents/lds_ws/lk-design-system/packages/core/dist/chunk-3SYW6PBT.js[22m
[2m오후 11:27:02[22m [36m[1m[vite][22m[39m [90m[2m(client)[22m[39m [32mpage reload [39m[2mC:/Users/MSI/Documents/lds_ws/lk-design-system/packages/core/dist/chunk-44CXNPMX.js[22m
[2m오후 11:27:02[22m [36m[1m[vite][22m[39m [90m[2m(client)[22m[39m [32mpage reload [39m[2mC:/Users/MSI/Documents/lds_ws/lk-design-system/packages/core/dist/chunk-44OFG2SM.js[22m
[2m오후 11:27:02[22m [36m[1m[vite][22m[39m [90m[2m(client)[22m[39m [32mpage reload [39m[2mC:/Users/MSI/Documents/lds_ws/lk-design-system/packages/core/dist/chunk-4KEL6LVF.js[22m
[2m오후 11:27:02[22m [36m[1m[vite][22m[39m [90m[2m(client)[22m[39m [32mpage reload [39m[2mC:/Users/MSI/Documents/lds_ws/lk-design-system/packages/core/dist/chunk-4RI7FOTH.js[22m
[2m오후 11:27:02[22m [36m[1m[vite][22m[39m [90m[2m(client)[22m[39m [32mpage reload [39m[2mC:/Users/MSI/Documents/lds_ws/lk-design-system/packages/core/dist/chunk-4IBAPO4L.js[22m
[2m오후 11:27:02[22m [36m[1m[vite][22m[39m [90m[2m(client)[22m[39m [32mpage reload [39m[2mC:/Users/MSI/Documents/lds_ws/lk-design-system/packages/core/dist/chunk-4S3NAPS2.js[22m
[2m오후 11:27:02[22m [36m[1m[vite][22m[39m [90m[2m(client)[22m[39m [32mpage reload [39m[2mC:/Users/MSI/Documents/lds_ws/lk-design-system/packages/core/dist/chunk-5WWAHFUC.js[22m
[2m오후 11:27:02[22m [36m[1m[vite][22m[39m [90m[2m(client)[22m[39m [32mpage reload [39m[2mC:/Users/MSI/Documents/lds_ws/lk-design-system/packages/core/dist/chunk-5YYTHQDT.js[22m
[2m오후 11:27:02[22m [36m[1m[vite][22m[39m [90m[2m(client)[22m[39m [32mpage reload [39m[2mC:/Users/MSI/Documents/lds_ws/lk-design-system/packages/core/dist/chunk-6ELDU37X.js[22m
[2m오후 11:27:02[22m [36m[1m[vite][22m[39m [90m[2m(client)[22m[39m [32mpage reload [39m[2mC:/Users/MSI/Documents/lds_ws/lk-design-system/packages/core/dist/chunk-6CNN7J3G.js[22m
[2m오후 11:27:02[22m [36m[1m[vite][22m[39m [90m[2m(client)[22m[39m [32mpage reload [39m[2mC:/Users/MSI/Documents/lds_ws/lk-design-system/packages/core/dist/chunk-6U3HDUNE.js[22m
[2m오후 11:27:02[22m [36m[1m[vite][22m[39m [90m[2m(client)[22m[39m [32mpage reload [39m[2mC:/Users/MSI/Documents/lds_ws/lk-design-system/packages/core/dist/chunk-6OBB3LM7.js[22m
[2m오후 11:27:02[22m [36m[1m[vite][22m[39m [90m[2m(client)[22m[39m [32mpage reload [39m[2mC:/Users/MSI/Documents/lds_ws/lk-design-system/packages/core/dist/chunk-ADDLP6BM.js[22m
[2m오후 11:27:02[22m [36m[1m[vite][22m[39m [90m[2m(client)[22m[39m [32mpage reload [39m[2mC:/Users/MSI/Documents/lds_ws/lk-design-system/packages/core/dist/chunk-AHBDWZ6A.js[22m
[2m오후 11:27:02[22m [36m[1m[vite][22m[39m [90m[2m(client)[22m[39m [32mpage reload [39m[2mC:/Users/MSI/Documents/lds_ws/lk-design-system/packages/core/dist/chunk-6YAJTY2J.js[22m
[2m오후 11:27:02[22m [36m[1m[vite][22m[39m [90m[2m(client)[22m[39m [32mpage reload [39m[2mC:/Users/MSI/Documents/lds_ws/lk-design-system/packages/core/dist/chunk-AFU6G6IZ.js[22m
[2m오후 11:27:02[22m [36m[1m[vite][22m[39m [90m[2m(client)[22m[39m [32mpage reload [39m[2mC:/Users/MSI/Documents/lds_ws/lk-design-system/packages/core/dist/chunk-7M4UXSJC.js[22m
[2m오후 11:27:02[22m [36m[1m[vite][22m[39m [90m[2m(client)[22m[39m [32mpage reload [39m[2mC:/Users/MSI/Documents/lds_ws/lk-design-system/packages/core/dist/chunk-B6GPEOJD.js[22m
[2m오후 11:27:02[22m [36m[1m[vite][22m[39m [90m[2m(client)[22m[39m [32mpage reload [39m[2mC:/Users/MSI/Documents/lds_ws/lk-design-system/packages/core/dist/chunk-CIRMFDJK.js[22m
[2m오후 11:27:02[22m [36m[1m[vite][22m[39m [90m[2m(client)[22m[39m [32mpage reload [39m[2mC:/Users/MSI/Documents/lds_ws/lk-design-system/packages/core/dist/chunk-BEHEWEDL.js[22m
[2m오후 11:27:02[22m [36m[1m[vite][22m[39m [90m[2m(client)[22m[39m [32mpage reload [39m[2mC:/Users/MSI/Documents/lds_ws/lk-design-system/packages/core/dist/chunk-CYOC2EZR.js[22m
[2m오후 11:27:02[22m [36m[1m[vite][22m[39m [90m[2m(client)[22m[39m [32mpage reload [39m[2mC:/Users/MSI/Documents/lds_ws/lk-design-system/packages/core/dist/chunk-BZYGJB3K.js[22m
[2m오후 11:27:02[22m [36m[1m[vite][22m[39m [90m[2m(client)[22m[39m [32mpage reload [39m[2mC:/Users/MSI/Documents/lds_ws/lk-design-system/packages/core/dist/chunk-CN2QJHBP.js[22m
[2m오후 11:27:02[22m [36m[1m[vite][22m[39m [90m[2m(client)[22m[39m [32mpage reload [39m[2mC:/Users/MSI/Documents/lds_ws/lk-design-system/packages/core/dist/chunk-BXGCTXJX.js[22m
[2m오후 11:27:02[22m [36m[1m[vite][22m[39m [90m[2m(client)[22m[39m [32mpage reload [39m[2mC:/Users/MSI/Documents/lds_ws/lk-design-system/packages/core/dist/chunk-D3IB64A6.js[22m
[2m오후 11:27:02[22m [36m[1m[vite][22m[39m [90m[2m(client)[22m[39m [32mpage reload [39m[2mC:/Users/MSI/Documents/lds_ws/lk-design-system/packages/core/dist/chunk-EAU6D6QZ.js[22m
[2m오후 11:27:02[22m [36m[1m[vite][22m[39m [90m[2m(client)[22m[39m [32mpage reload [39m[2mC:/Users/MSI/Documents/lds_ws/lk-design-system/packages/core/dist/chunk-CZT4S73U.js[22m
[2m오후 11:27:02[22m [36m[1m[vite][22m[39m [90m[2m(client)[22m[39m [32mpage reload [39m[2mC:/Users/MSI/Documents/lds_ws/lk-design-system/packages/core/dist/chunk-F72DWVHV.js[22m
[2m오후 11:27:02[22m [36m[1m[vite][22m[39m [90m[2m(client)[22m[39m [32mpage reload [39m[2mC:/Users/MSI/Documents/lds_ws/lk-design-system/packages/core/dist/chunk-EOVKICU4.js[22m
[2m오후 11:27:02[22m [36m[1m[vite][22m[39m [90m[2m(client)[22m[39m [32mpage reload [39m[2mC:/Users/MSI/Documents/lds_ws/lk-design-system/packages/core/dist/chunk-F7QSUROJ.js[22m
[2m오후 11:27:02[22m [36m[1m[vite][22m[39m [90m[2m(client)[22m[39m [32mpage reload [39m[2mC:/Users/MSI/Documents/lds_ws/lk-design-system/packages/core/dist/chunk-FCOPBODO.js[22m
[2m오후 11:27:02[22m [36m[1m[vite][22m[39m [90m[2m(client)[22m[39m [32mpage reload [39m[2mC:/Users/MSI/Documents/lds_ws/lk-design-system/packages/core/dist/chunk-GB3ZM5MF.js[22m
[2m오후 11:27:02[22m [36m[1m[vite][22m[39m [90m[2m(client)[22m[39m [32mpage reload [39m[2mC:/Users/MSI/Documents/lds_ws/lk-design-system/packages/core/dist/chunk-FWHOAPJI.js[22m
[2m오후 11:27:02[22m [36m[1m[vite][22m[39m [90m[2m(client)[22m[39m [32mpage reload [39m[2mC:/Users/MSI/Documents/lds_ws/lk-design-system/packages/core/dist/chunk-GKHJTRLN.js[22m
[2m오후 11:27:02[22m [36m[1m[vite][22m[39m [90m[2m(client)[22m[39m [32mpage reload [39m[2mC:/Users/MSI/Documents/lds_ws/lk-design-system/packages/core/dist/chunk-FQL3E6QA.js[22m
[2m오후 11:27:02[22m [36m[1m[vite][22m[39m [90m[2m(client)[22m[39m [32mpage reload [39m[2mC:/Users/MSI/Documents/lds_ws/lk-design-system/packages/core/dist/chunk-G6LGKUCV.js[22m
[2m오후 11:27:02[22m [36m[1m[vite][22m[39m [90m[2m(client)[22m[39m [32mpage reload [39m[2mC:/Users/MSI/Documents/lds_ws/lk-design-system/packages/core/dist/chunk-GJ2COPCG.js[22m
[2m오후 11:27:02[22m [36m[1m[vite][22m[39m [90m[2m(client)[22m[39m [32mpage reload [39m[2mC:/Users/MSI/Documents/lds_ws/lk-design-system/packages/core/dist/chunk-JG7L4M23.js[22m
[2m오후 11:27:02[22m [36m[1m[vite][22m[39m [90m[2m(client)[22m[39m [32mpage reload [39m[2mC:/Users/MSI/Documents/lds_ws/lk-design-system/packages/core/dist/chunk-HRBOQUCC.js[22m
[2m오후 11:27:02[22m [36m[1m[vite][22m[39m [90m[2m(client)[22m[39m [32mpage reload [39m[2mC:/Users/MSI/Documents/lds_ws/lk-design-system/packages/core/dist/chunk-IC45UUNZ.js[22m
[2m오후 11:27:02[22m [36m[1m[vite][22m[39m [90m[2m(client)[22m[39m [32mpage reload [39m[2mC:/Users/MSI/Documents/lds_ws/lk-design-system/packages/core/dist/chunk-JPYD55H2.js[22m
[2m오후 11:27:02[22m [36m[1m[vite][22m[39m [90m[2m(client)[22m[39m [32mpage reload [39m[2mC:/Users/MSI/Documents/lds_ws/lk-design-system/packages/core/dist/chunk-JHUWUWAW.js[22m
[2m오후 11:27:02[22m [36m[1m[vite][22m[39m [90m[2m(client)[22m[39m [32mpage reload [39m[2mC:/Users/MSI/Documents/lds_ws/lk-design-system/packages/core/dist/chunk-JUTMKT2R.js[22m
[2m오후 11:27:02[22m [36m[1m[vite][22m[39m [90m[2m(client)[22m[39m [32mpage reload [39m[2mC:/Users/MSI/Documents/lds_ws/lk-design-system/packages/core/dist/chunk-LAPUFFHF.js[22m
[2m오후 11:27:02[22m [36m[1m[vite][22m[39m [90m[2m(client)[22m[39m [32mpage reload [39m[2mC:/Users/MSI/Documents/lds_ws/lk-design-system/packages/core/dist/chunk-MODD6NXA.js[22m
[2m오후 11:27:02[22m [36m[1m[vite][22m[39m [90m[2m(client)[22m[39m [32mpage reload [39m[2mC:/Users/MSI/Documents/lds_ws/lk-design-system/packages/core/dist/chunk-M62B2ZNQ.js[22m
[2m오후 11:27:02[22m [36m[1m[vite][22m[39m [90m[2m(client)[22m[39m [32mpage reload [39m[2mC:/Users/MSI/Documents/lds_ws/lk-design-system/packages/core/dist/chunk-NO3DAHZJ.js[22m
[2m오후 11:27:02[22m [36m[1m[vite][22m[39m [90m[2m(client)[22m[39m [32mpage reload [39m[2mC:/Users/MSI/Documents/lds_ws/lk-design-system/packages/core/dist/chunk-LVWFEVQA.js[22m
[2m오후 11:27:02[22m [36m[1m[vite][22m[39m [90m[2m(client)[22m[39m [32mpage reload [39m[2mC:/Users/MSI/Documents/lds_ws/lk-design-system/packages/core/dist/chunk-ODZ5FCNW.js[22m
[2m오후 11:27:02[22m [36m[1m[vite][22m[39m [90m[2m(client)[22m[39m [32mpage reload [39m[2mC:/Users/MSI/Documents/lds_ws/lk-design-system/packages/core/dist/chunk-NTECDBQW.js[22m
[2m오후 11:27:02[22m [36m[1m[vite][22m[39m [90m[2m(client)[22m[39m [32mpage reload [39m[2mC:/Users/MSI/Documents/lds_ws/lk-design-system/packages/core/dist/chunk-OEE3VP5Q.js[22m
[2m오후 11:27:02[22m [36m[1m[vite][22m[39m [90m[2m(client)[22m[39m [32mpage reload [39m[2mC:/Users/MSI/Documents/lds_ws/lk-design-system/packages/core/dist/chunk-NX3TU4G4.js[22m
[2m오후 11:27:02[22m [36m[1m[vite][22m[39m [90m[2m(client)[22m[39m [32mpage reload [39m[2mC:/Users/MSI/Documents/lds_ws/lk-design-system/packages/core/dist/chunk-OACAKPKO.js[22m
[2m오후 11:27:02[22m [36m[1m[vite][22m[39m [90m[2m(client)[22m[39m [32mpage reload [39m[2mC:/Users/MSI/Documents/lds_ws/lk-design-system/packages/core/dist/chunk-PFS7VFRK.js[22m
[2m오후 11:27:02[22m [36m[1m[vite][22m[39m [90m[2m(client)[22m[39m [32mpage reload [39m[2mC:/Users/MSI/Documents/lds_ws/lk-design-system/packages/core/dist/chunk-PR2QBZED.js[22m
[2m오후 11:27:02[22m [36m[1m[vite][22m[39m [90m[2m(client)[22m[39m [32mpage reload [39m[2mC:/Users/MSI/Documents/lds_ws/lk-design-system/packages/core/dist/chunk-QEFMLEJK.js[22m
[2m오후 11:27:02[22m [36m[1m[vite][22m[39m [90m[2m(client)[22m[39m [32mpage reload [39m[2mC:/Users/MSI/Documents/lds_ws/lk-design-system/packages/core/dist/chunk-OPIW6AKC.js[22m
[2m오후 11:27:02[22m [36m[1m[vite][22m[39m [90m[2m(client)[22m[39m [32mpage reload [39m[2mC:/Users/MSI/Documents/lds_ws/lk-design-system/packages/core/dist/chunk-QD42XNRW.js[22m
[2m오후 11:27:02[22m [36m[1m[vite][22m[39m [90m[2m(client)[22m[39m [32mpage reload [39m[2mC:/Users/MSI/Documents/lds_ws/lk-design-system/packages/core/dist/chunk-SKT4NDEU.js[22m
[2m오후 11:27:02[22m [36m[1m[vite][22m[39m [90m[2m(client)[22m[39m [32mpage reload [39m[2mC:/Users/MSI/Documents/lds_ws/lk-design-system/packages/core/dist/chunk-QJK4IP35.js[22m
[2m오후 11:27:02[22m [36m[1m[vite][22m[39m [90m[2m(client)[22m[39m [32mpage reload [39m[2mC:/Users/MSI/Documents/lds_ws/lk-design-system/packages/core/dist/chunk-QVTH6CIZ.js[22m
[2m오후 11:27:02[22m [36m[1m[vite][22m[39m [90m[2m(client)[22m[39m [32mpage reload [39m[2mC:/Users/MSI/Documents/lds_ws/lk-design-system/packages/core/dist/chunk-TR4TYXTD.js[22m
[2m오후 11:27:02[22m [36m[1m[vite][22m[39m [90m[2m(client)[22m[39m [32mpage reload [39m[2mC:/Users/MSI/Documents/lds_ws/lk-design-system/packages/core/dist/chunk-S2QN6NWO.js[22m
[2m오후 11:27:02[22m [36m[1m[vite][22m[39m [90m[2m(client)[22m[39m [32mpage reload [39m[2mC:/Users/MSI/Documents/lds_ws/lk-design-system/packages/core/dist/chunk-U6GEJJ6G.js[22m
[2m오후 11:27:02[22m [36m[1m[vite][22m[39m [90m[2m(client)[22m[39m [32mpage reload [39m[2mC:/Users/MSI/Documents/lds_ws/lk-design-system/packages/core/dist/chunk-UI2I2TV5.js[22m
[2m오후 11:27:02[22m [36m[1m[vite][22m[39m [90m[2m(client)[22m[39m [32mpage reload [39m[2mC:/Users/MSI/Documents/lds_ws/lk-design-system/packages/core/dist/chunk-TCRSTIDV.js[22m
[2m오후 11:27:02[22m [36m[1m[vite][22m[39m [90m[2m(client)[22m[39m [32mpage reload [39m[2mC:/Users/MSI/Documents/lds_ws/lk-design-system/packages/core/dist/chunk-UNI3MQ4S.js[22m
[2m오후 11:27:02[22m [36m[1m[vite][22m[39m [90m[2m(client)[22m[39m [32mpage reload [39m[2mC:/Users/MSI/Documents/lds_ws/lk-design-system/packages/core/dist/chunk-V5DS3VLV.js[22m
[2m오후 11:27:02[22m [36m[1m[vite][22m[39m [90m[2m(client)[22m[39m [32mpage reload [39m[2mC:/Users/MSI/Documents/lds_ws/lk-design-system/packages/core/dist/chunk-USJRD3OL.js[22m
[2m오후 11:27:02[22m [36m[1m[vite][22m[39m [90m[2m(client)[22m[39m [32mpage reload [39m[2mC:/Users/MSI/Documents/lds_ws/lk-design-system/packages/core/dist/chunk-V7S7GS3Q.js[22m
[2m오후 11:27:02[22m [36m[1m[vite][22m[39m [90m[2m(client)[22m[39m [32mpage reload [39m[2mC:/Users/MSI/Documents/lds_ws/lk-design-system/packages/core/dist/chunk-VF5BIKHQ.js[22m
[2m오후 11:27:02[22m [36m[1m[vite][22m[39m [90m[2m(client)[22m[39m [32mpage reload [39m[2mC:/Users/MSI/Documents/lds_ws/lk-design-system/packages/core/dist/chunk-W5DUMO7Q.js[22m
[2m오후 11:27:02[22m [36m[1m[vite][22m[39m [90m[2m(client)[22m[39m [32mpage reload [39m[2mC:/Users/MSI/Documents/lds_ws/lk-design-system/packages/core/dist/chunk-WJN7GSBY.js[22m
[2m오후 11:27:02[22m [36m[1m[vite][22m[39m [90m[2m(client)[22m[39m [32mpage reload [39m[2mC:/Users/MSI/Documents/lds_ws/lk-design-system/packages/core/dist/chunk-VL2LVV4M.js[22m
[2m오후 11:27:02[22m [36m[1m[vite][22m[39m [90m[2m(client)[22m[39m [32mpage reload [39m[2mC:/Users/MSI/Documents/lds_ws/lk-design-system/packages/core/dist/chunk-WAAL2U4T.js[22m
[2m오후 11:27:02[22m [36m[1m[vite][22m[39m [90m[2m(client)[22m[39m [32mpage reload [39m[2mC:/Users/MSI/Documents/lds_ws/lk-design-system/packages/core/dist/chunk-WWE47EYM.js[22m
[2m오후 11:27:02[22m [36m[1m[vite][22m[39m [90m[2m(client)[22m[39m [32mpage reload [39m[2mC:/Users/MSI/Documents/lds_ws/lk-design-system/packages/core/dist/chunk-WDNFJ372.js[22m
[2m오후 11:27:02[22m [36m[1m[vite][22m[39m [90m[2m(client)[22m[39m [32mpage reload [39m[2mC:/Users/MSI/Documents/lds_ws/lk-design-system/packages/core/dist/chunk-X47OPQUZ.js[22m
[2m오후 11:27:02[22m [36m[1m[vite][22m[39m [90m[2m(client)[22m[39m [32mpage reload [39m[2mC:/Users/MSI/Documents/lds_ws/lk-design-system/packages/core/dist/chunk-WWVKQY22.js[22m
[2m오후 11:27:02[22m [36m[1m[vite][22m[39m [90m[2m(client)[22m[39m [32mpage reload [39m[2mC:/Users/MSI/Documents/lds_ws/lk-design-system/packages/core/dist/chunk-Y2SFLMBU.js[22m
[2m오후 11:27:02[22m [36m[1m[vite][22m[39m [90m[2m(client)[22m[39m [32mpage reload [39m[2mC:/Users/MSI/Documents/lds_ws/lk-design-system/packages/core/dist/chunk-XN4RZ5ET.js[22m
[2m오후 11:27:02[22m [36m[1m[vite][22m[39m [90m[2m(client)[22m[39m [32mpage reload [39m[2mC:/Users/MSI/Documents/lds_ws/lk-design-system/packages/core/dist/chunk-XSX43JSE.js[22m
[2m오후 11:27:02[22m [36m[1m[vite][22m[39m [90m[2m(client)[22m[39m [32mpage reload [39m[2mC:/Users/MSI/Documents/lds_ws/lk-design-system/packages/core/dist/chunk-YIQWJFOG.js[22m
[2m오후 11:27:02[22m [36m[1m[vite][22m[39m [90m[2m(client)[22m[39m [32mpage reload [39m[2mC:/Users/MSI/Documents/lds_ws/lk-design-system/packages/core/dist/chunk-YRINARDR.js[22m
[2m오후 11:27:02[22m [36m[1m[vite][22m[39m [90m[2m(client)[22m[39m [32mpage reload [39m[2mC:/Users/MSI/Documents/lds_ws/lk-design-system/packages/core/dist/chunk-YPIOAYJD.js[22m
[2m오후 11:27:02[22m [36m[1m[vite][22m[39m [90m[2m(client)[22m[39m [32mhmr update [39m[2m/@id/__x00__virtual:/@storybook/builder-vite/vite-app.js[22m
[2m오후 11:27:02[22m [36m[1m[vite][22m[39m [90m[2m(client)[22m[39m [32mhmr update [39m[2m/@id/__x00__virtual:/@storybook/builder-vite/vite-app.js[22m
[2m오후 11:27:02[22m [36m[1m[vite][22m[39m [90m[2m(client)[22m[39m [32mhmr update [39m[2m/@id/__x00__virtual:/@storybook/builder-vite/vite-app.js[22m
[2m오후 11:27:02[22m [36m[1m[vite][22m[39m [90m[2m(client)[22m[39m [32mhmr update [39m[2m/@id/__x00__virtual:/@storybook/builder-vite/vite-app.js[22m
[2m오후 11:27:02[22m [36m[1m[vite][22m[39m [90m[2m(client)[22m[39m [32mhmr update [39m[2m/@id/__x00__virtual:/@storybook/builder-vite/vite-app.js[22m
[2m오후 11:27:02[22m [36m[1m[vite][22m[39m [90m[2m(client)[22m[39m [32mhmr update [39m[2m/@id/__x00__virtual:/@storybook/builder-vite/vite-app.js[22m
[2m오후 11:27:02[22m [36m[1m[vite][22m[39m [90m[2m(client)[22m[39m [32mhmr update [39m[2m/@id/__x00__virtual:/@storybook/builder-vite/vite-app.js[22m
[2m오후 11:27:02[22m [36m[1m[vite][22m[39m [90m[2m(client)[22m[39m [32mhmr update [39m[2m/@id/__x00__virtual:/@storybook/builder-vite/vite-app.js[22m
[2m오후 11:27:02[22m [36m[1m[vite][22m[39m [90m[2m(client)[22m[39m [32mhmr update [39m[2m/@id/__x00__virtual:/@storybook/builder-vite/vite-app.js[22m
[2m오후 11:27:02[22m [36m[1m[vite][22m[39m [90m[2m(client)[22m[39m [32mhmr update [39m[2m/@id/__x00__virtual:/@storybook/builder-vite/vite-app.js[22m
[2m오후 11:27:02[22m [36m[1m[vite][22m[39m [90m[2m(client)[22m[39m [32mhmr update [39m[2m/@id/__x00__virtual:/@storybook/builder-vite/vite-app.js[22m
[2m오후 11:27:02[22m [36m[1m[vite][22m[39m [90m[2m(client)[22m[39m [32mhmr update [39m[2m/@id/__x00__virtual:/@storybook/builder-vite/vite-app.js[22m
[2m오후 11:27:02[22m [36m[1m[vite][22m[39m [90m[2m(client)[22m[39m [32mhmr update [39m[2m/@id/__x00__virtual:/@storybook/builder-vite/vite-app.js[22m
[2m오후 11:27:02[22m [36m[1m[vite][22m[39m [90m[2m(client)[22m[39m [32mhmr update [39m[2m/@id/__x00__virtual:/@storybook/builder-vite/vite-app.js[22m
[2m오후 11:27:02[22m [36m[1m[vite][22m[39m [90m[2m(client)[22m[39m [32mhmr update [39m[2m/@id/__x00__virtual:/@storybook/builder-vite/vite-app.js[22m
[2m오후 11:27:02[22m [36m[1m[vite][22m[39m [90m[2m(client)[22m[39m [32mhmr update [39m[2m/@id/__x00__virtual:/@storybook/builder-vite/vite-app.js[22m
[2m오후 11:27:02[22m [36m[1m[vite][22m[39m [90m[2m(client)[22m[39m [32mhmr update [39m[2m/@id/__x00__virtual:/@storybook/builder-vite/vite-app.js[22m
[2m오후 11:27:02[22m [36m[1m[vite][22m[39m [90m[2m(client)[22m[39m [32mhmr update [39m[2m/@id/__x00__virtual:/@storybook/builder-vite/vite-app.js[22m
[2m오후 11:27:02[22m [36m[1m[vite][22m[39m [90m[2m(client)[22m[39m [32mhmr update [39m[2m/@id/__x00__virtual:/@storybook/builder-vite/vite-app.js[22m
[2m오후 11:27:02[22m [36m[1m[vite][22m[39m [90m[2m(client)[22m[39m [32mhmr update [39m[2m/@id/__x00__virtual:/@storybook/builder-vite/vite-app.js[22m
[2m오후 11:27:02[22m [36m[1m[vite][22m[39m [90m[2m(client)[22m[39m [32mhmr update [39m[2m/@id/__x00__virtual:/@storybook/builder-vite/vite-app.js[22m
[2m오후 11:27:02[22m [36m[1m[vite][22m[39m [90m[2m(client)[22m[39m [32mhmr update [39m[2m/@id/__x00__virtual:/@storybook/builder-vite/vite-app.js[22m
[2m오후 11:27:02[22m [36m[1m[vite][22m[39m [90m[2m(client)[22m[39m [32mhmr update [39m[2m/@id/__x00__virtual:/@storybook/builder-vite/vite-app.js[22m
[2m오후 11:27:02[22m [36m[1m[vite][22m[39m [90m[2m(client)[22m[39m [32mhmr update [39m[2m/@id/__x00__virtual:/@storybook/builder-vite/vite-app.js[22m
[2m오후 11:27:02[22m [36m[1m[vite][22m[39m [90m[2m(client)[22m[39m [32mhmr update [39m[2m/@id/__x00__virtual:/@storybook/builder-vite/vite-app.js[22m
[2m오후 11:27:02[22m [36m[1m[vite][22m[39m [90m[2m(client)[22m[39m [32mhmr update [39m[2m/@id/__x00__virtual:/@storybook/builder-vite/vite-app.js[22m
[2m오후 11:27:02[22m [36m[1m[vite][22m[39m [90m[2m(client)[22m[39m [32mhmr update [39m[2m/@id/__x00__virtual:/@storybook/builder-vite/vite-app.js[22m
[2m오후 11:27:02[22m [36m[1m[vite][22m[39m [90m[2m(client)[22m[39m [32mhmr update [39m[2m/@id/__x00__virtual:/@storybook/builder-vite/vite-app.js[22m
[2m오후 11:27:02[22m [36m[1m[vite][22m[39m [90m[2m(client)[22m[39m [32mhmr update [39m[2m/@id/__x00__virtual:/@storybook/builder-vite/vite-app.js[22m
[2m오후 11:27:02[22m [36m[1m[vite][22m[39m [90m[2m(client)[22m[39m [32mhmr update [39m[2m/@id/__x00__virtual:/@storybook/builder-vite/vite-app.js[22m
[2m오후 11:27:02[22m [36m[1m[vite][22m[39m [90m[2m(client)[22m[39m [32mhmr update [39m[2m/@id/__x00__virtual:/@storybook/builder-vite/vite-app.js[22m
[2m오후 11:27:02[22m [36m[1m[vite][22m[39m [90m[2m(client)[22m[39m [32mhmr update [39m[2m/@id/__x00__virtual:/@storybook/builder-vite/vite-app.js[22m
[2m오후 11:27:02[22m [36m[1m[vite][22m[39m [90m[2m(client)[22m[39m [32mhmr update [39m[2m/@id/__x00__virtual:/@storybook/builder-vite/vite-app.js[22m
[2m오후 11:27:02[22m [36m[1m[vite][22m[39m [90m[2m(client)[22m[39m [32mhmr update [39m[2m/@id/__x00__virtual:/@storybook/builder-vite/vite-app.js[22m
[2m오후 11:27:02[22m [36m[1m[vite][22m[39m [90m[2m(client)[22m[39m [32mpage reload [39m[2mC:/Users/MSI/Documents/lds_ws/lk-design-system/packages/core/dist/chunk-SKT4NDEU.js[22m
[2m오후 11:27:02[22m [36m[1m[vite][22m[39m [90m[2m(client)[22m[39m [32mpage reload [39m[2mC:/Users/MSI/Documents/lds_ws/lk-design-system/packages/core/dist/chunk-44CXNPMX.js[22m
[2m오후 11:27:02[22m [36m[1m[vite][22m[39m [90m[2m(client)[22m[39m [32mpage reload [39m[2mC:/Users/MSI/Documents/lds_ws/lk-design-system/packages/core/dist/chunk-FWHOAPJI.js[22m
[2m오후 11:27:02[22m [36m[1m[vite][22m[39m [90m[2m(client)[22m[39m [32mpage reload [39m[2mC:/Users/MSI/Documents/lds_ws/lk-design-system/packages/core/dist/chunk-2ZQEGDYM.js[22m
[2m오후 11:27:02[22m [36m[1m[vite][22m[39m [90m[2m(client)[22m[39m [32mpage reload [39m[2mC:/Users/MSI/Documents/lds_ws/lk-design-system/packages/core/dist/chunk-NX3TU4G4.js[22m
[2m오후 11:27:02[22m [36m[1m[vite][22m[39m [90m[2m(client)[22m[39m [32mpage reload [39m[2mC:/Users/MSI/Documents/lds_ws/lk-design-system/packages/core/dist/chunk-3SYW6PBT.js[22m
[2m오후 11:27:02[22m [36m[1m[vite][22m[39m [90m[2m(client)[22m[39m [32mpage reload [39m[2mC:/Users/MSI/Documents/lds_ws/lk-design-system/packages/core/dist/chunk-OACAKPKO.js[22m
[2m오후 11:27:02[22m [36m[1m[vite][22m[39m [90m[2m(client)[22m[39m [32mpage reload [39m[2mC:/Users/MSI/Documents/lds_ws/lk-design-system/packages/core/dist/chunk-V7S7GS3Q.js[22m
[2m오후 11:27:02[22m [36m[1m[vite][22m[39m [90m[2m(client)[22m[39m [32mpage reload [39m[2mC:/Users/MSI/Documents/lds_ws/lk-design-system/packages/core/dist/chunk-CN2QJHBP.js[22m
[2m오후 11:27:02[22m [36m[1m[vite][22m[39m [90m[2m(client)[22m[39m [32mpage reload [39m[2mC:/Users/MSI/Documents/lds_ws/lk-design-system/packages/core/dist/chunk-ADDLP6BM.js[22m
[2m오후 11:27:02[22m [36m[1m[vite][22m[39m [90m[2m(client)[22m[39m [32mpage reload [39m[2mC:/Users/MSI/Documents/lds_ws/lk-design-system/packages/core/dist/chunk-2QK3LAMG.js[22m
[2m오후 11:27:02[22m [36m[1m[vite][22m[39m [90m[2m(client)[22m[39m [32mpage reload [39m[2mC:/Users/MSI/Documents/lds_ws/lk-design-system/packages/core/dist/chunk-BXGCTXJX.js[22m
[2m오후 11:27:02[22m [36m[1m[vite][22m[39m [90m[2m(client)[22m[39m [32mpage reload [39m[2mC:/Users/MSI/Documents/lds_ws/lk-design-system/packages/core/dist/chunk-YIQWJFOG.js[22m
[2m오후 11:27:02[22m [36m[1m[vite][22m[39m [90m[2m(client)[22m[39m [32mpage reload [39m[2mC:/Users/MSI/Documents/lds_ws/lk-design-system/packages/core/dist/chunk-MODD6NXA.js[22m
[2m오후 11:27:02[22m [36m[1m[vite][22m[39m [90m[2m(client)[22m[39m [32mpage reload [39m[2mC:/Users/MSI/Documents/lds_ws/lk-design-system/packages/core/dist/chunk-LAPUFFHF.js[22m
[2m오후 11:27:02[22m [36m[1m[vite][22m[39m [90m[2m(client)[22m[39m [32mpage reload [39m[2mC:/Users/MSI/Documents/lds_ws/lk-design-system/packages/core/dist/chunk-5WWAHFUC.js[22m
[2m오후 11:27:02[22m [36m[1m[vite][22m[39m [90m[2m(client)[22m[39m [32mpage reload [39m[2mC:/Users/MSI/Documents/lds_ws/lk-design-system/packages/core/dist/chunk-6ELDU37X.js[22m
[2m오후 11:27:02[22m [36m[1m[vite][22m[39m [90m[2m(client)[22m[39m [32mpage reload [39m[2mC:/Users/MSI/Documents/lds_ws/lk-design-system/packages/core/dist/chunk-WWE47EYM.js[22m
[2m오후 11:27:02[22m [36m[1m[vite][22m[39m [90m[2m(client)[22m[39m [32mpage reload [39m[2mC:/Users/MSI/Documents/lds_ws/lk-design-system/packages/core/dist/chunk-6CNN7J3G.js[22m
[2m오후 11:27:02[22m [36m[1m[vite][22m[39m [90m[2m(client)[22m[39m [32mpage reload [39m[2mC:/Users/MSI/Documents/lds_ws/lk-design-system/packages/core/dist/chunk-VF5BIKHQ.js[22m
[2m오후 11:27:02[22m [36m[1m[vite][22m[39m [90m[2m(client)[22m[39m [32mpage reload [39m[2mC:/Users/MSI/Documents/lds_ws/lk-design-system/packages/core/dist/chunk-IC45UUNZ.js[22m
[2m오후 11:27:02[22m [36m[1m[vite][22m[39m [90m[2m(client)[22m[39m [32mpage reload [39m[2mC:/Users/MSI/Documents/lds_ws/lk-design-system/packages/core/dist/chunk-WDNFJ372.js[22m
[2m오후 11:27:02[22m [36m[1m[vite][22m[39m [90m[2m(client)[22m[39m [32mpage reload [39m[2mC:/Users/MSI/Documents/lds_ws/lk-design-system/packages/core/dist/chunk-24ORA7K7.js[22m
[2m오후 11:27:02[22m [36m[1m[vite][22m[39m [90m[2m(client)[22m[39m [32mpage reload [39m[2mC:/Users/MSI/Documents/lds_ws/lk-design-system/packages/core/dist/chunk-M62B2ZNQ.js[22m
[2m오후 11:27:02[22m [36m[1m[vite][22m[39m [90m[2m(client)[22m[39m [32mpage reload [39m[2mC:/Users/MSI/Documents/lds_ws/lk-design-system/packages/core/dist/chunk-44OFG2SM.js[22m
[2m오후 11:27:02[22m [36m[1m[vite][22m[39m [90m[2m(client)[22m[39m [32mpage reload [39m[2mC:/Users/MSI/Documents/lds_ws/lk-design-system/packages/core/dist/chunk-PFS7VFRK.js[22m
[2m오후 11:27:02[22m [36m[1m[vite][22m[39m [90m[2m(client)[22m[39m [32mpage reload [39m[2mC:/Users/MSI/Documents/lds_ws/lk-design-system/packages/core/dist/chunk-PR2QBZED.js[22m
[2m오후 11:27:02[22m [36m[1m[vite][22m[39m [90m[2m(client)[22m[39m [32mpage reload [39m[2mC:/Users/MSI/Documents/lds_ws/lk-design-system/packages/core/dist/chunk-6U3HDUNE.js[22m
[2m오후 11:27:02[22m [36m[1m[vite][22m[39m [90m[2m(client)[22m[39m [32mpage reload [39m[2mC:/Users/MSI/Documents/lds_ws/lk-design-system/packages/core/dist/chunk-F72DWVHV.js[22m
[2m오후 11:27:02[22m [36m[1m[vite][22m[39m [90m[2m(client)[22m[39m [32mpage reload [39m[2mC:/Users/MSI/Documents/lds_ws/lk-design-system/packages/core/dist/chunk-NO3DAHZJ.js[22m
[2m오후 11:27:02[22m [36m[1m[vite][22m[39m [90m[2m(client)[22m[39m [32mpage reload [39m[2mC:/Users/MSI/Documents/lds_ws/lk-design-system/packages/core/dist/chunk-GKHJTRLN.js[22m
[2m오후 11:27:02[22m [36m[1m[vite][22m[39m [90m[2m(client)[22m[39m [32mpage reload [39m[2mC:/Users/MSI/Documents/lds_ws/lk-design-system/packages/core/dist/chunk-QEFMLEJK.js[22m
[2m오후 11:27:02[22m [36m[1m[vite][22m[39m [90m[2m(client)[22m[39m [32mpage reload [39m[2mC:/Users/MSI/Documents/lds_ws/lk-design-system/packages/core/dist/chunk-QJK4IP35.js[22m
[2m오후 11:27:02[22m [36m[1m[vite][22m[39m [90m[2m(client)[22m[39m [32mpage reload [39m[2mC:/Users/MSI/Documents/lds_ws/lk-design-system/packages/core/dist/chunk-UNI3MQ4S.js[22m
[2m오후 11:27:02[22m [36m[1m[vite][22m[39m [90m[2m(client)[22m[39m [32mpage reload [39m[2mC:/Users/MSI/Documents/lds_ws/lk-design-system/packages/core/dist/chunk-FQL3E6QA.js[22m
[2m오후 11:27:02[22m [36m[1m[vite][22m[39m [90m[2m(client)[22m[39m [32mpage reload [39m[2mC:/Users/MSI/Documents/lds_ws/lk-design-system/packages/core/dist/chunk-4KEL6LVF.js[22m
[2m오후 11:27:02[22m [36m[1m[vite][22m[39m [90m[2m(client)[22m[39m [32mpage reload [39m[2mC:/Users/MSI/Documents/lds_ws/lk-design-system/packages/core/dist/chunk-QVTH6CIZ.js[22m
[2m오후 11:27:02[22m [36m[1m[vite][22m[39m [90m[2m(client)[22m[39m [32mpage reload [39m[2mC:/Users/MSI/Documents/lds_ws/lk-design-system/packages/core/dist/chunk-EOVKICU4.js[22m
[2m오후 11:27:02[22m [36m[1m[vite][22m[39m [90m[2m(client)[22m[39m [32mhmr update [39m[2m/@id/__x00__virtual:/@storybook/builder-vite/vite-app.js[22m
[2m오후 11:27:02[22m [36m[1m[vite][22m[39m [90m[2m(client)[22m[39m [32mpage reload [39m[2mC:/Users/MSI/Documents/lds_ws/lk-design-system/packages/core/dist/chunk-TR4TYXTD.js[22m
[2m오후 11:27:02[22m [36m[1m[vite][22m[39m [90m[2m(client)[22m[39m [32mhmr update [39m[2m/@id/__x00__virtual:/@storybook/builder-vite/vite-app.js[22m
[2m오후 11:27:02[22m [36m[1m[vite][22m[39m [90m[2m(client)[22m[39m [32mpage reload [39m[2mC:/Users/MSI/Documents/lds_ws/lk-design-system/packages/core/dist/chunk-G6LGKUCV.js[22m
[2m오후 11:27:02[22m [36m[1m[vite][22m[39m [90m[2m(client)[22m[39m [32mpage reload [39m[2mC:/Users/MSI/Documents/lds_ws/lk-design-system/packages/core/dist/chunk-5YYTHQDT.js[22m
[2m오후 11:27:02[22m [36m[1m[vite][22m[39m [90m[2m(client)[22m[39m [32mhmr update [39m[2m/@id/__x00__virtual:/@storybook/builder-vite/vite-app.js[22m
[2m오후 11:27:02[22m [36m[1m[vite][22m[39m [90m[2m(client)[22m[39m [32mhmr update [39m[2m/@id/__x00__virtual:/@storybook/builder-vite/vite-app.js[22m
[2m오후 11:27:02[22m [36m[1m[vite][22m[39m [90m[2m(client)[22m[39m [32mpage reload [39m[2mC:/Users/MSI/Documents/lds_ws/lk-design-system/packages/core/dist/chunk-W5DUMO7Q.js[22m
[2m오후 11:27:02[22m [36m[1m[vite][22m[39m [90m[2m(client)[22m[39m [32mhmr update [39m[2m/@id/__x00__virtual:/@storybook/builder-vite/vite-app.js[22m
[2m오후 11:27:02[22m [36m[1m[vite][22m[39m [90m[2m(client)[22m[39m [32mpage reload [39m[2mC:/Users/MSI/Documents/lds_ws/lk-design-system/packages/core/dist/chunk-6OBB3LM7.js[22m
[2m오후 11:27:02[22m [36m[1m[vite][22m[39m [90m[2m(client)[22m[39m [32mpage reload [39m[2mC:/Users/MSI/Documents/lds_ws/lk-design-system/packages/core/dist/chunk-OPIW6AKC.js[22m
[2m오후 11:27:02[22m [36m[1m[vite][22m[39m [90m[2m(client)[22m[39m [32mpage reload [39m[2mC:/Users/MSI/Documents/lds_ws/lk-design-system/packages/core/dist/chunk-B6GPEOJD.js[22m
[2m오후 11:27:02[22m [36m[1m[vite][22m[39m [90m[2m(client)[22m[39m [32mpage reload [39m[2mC:/Users/MSI/Documents/lds_ws/lk-design-system/packages/core/dist/chunk-AHBDWZ6A.js[22m
[2m오후 11:27:02[22m [36m[1m[vite][22m[39m [90m[2m(client)[22m[39m [32mpage reload [39m[2mC:/Users/MSI/Documents/lds_ws/lk-design-system/packages/core/dist/chunk-JPYD55H2.js[22m
[2m오후 11:27:02[22m [36m[1m[vite][22m[39m [90m[2m(client)[22m[39m [32mpage reload [39m[2mC:/Users/MSI/Documents/lds_ws/lk-design-system/packages/core/dist/chunk-4RI7FOTH.js[22m
[2m오후 11:27:02[22m [36m[1m[vite][22m[39m [90m[2m(client)[22m[39m [32mpage reload [39m[2mC:/Users/MSI/Documents/lds_ws/lk-design-system/packages/core/dist/chunk-LVWFEVQA.js[22m
[2m오후 11:27:02[22m [36m[1m[vite][22m[39m [90m[2m(client)[22m[39m [32mpage reload [39m[2mC:/Users/MSI/Documents/lds_ws/lk-design-system/packages/core/dist/chunk-6YAJTY2J.js[22m
[2m오후 11:27:02[22m [36m[1m[vite][22m[39m [90m[2m(client)[22m[39m [32mpage reload [39m[2mC:/Users/MSI/Documents/lds_ws/lk-design-system/packages/core/dist/chunk-CIRMFDJK.js[22m
[2m오후 11:27:02[22m [36m[1m[vite][22m[39m [90m[2m(client)[22m[39m [32mpage reload [39m[2mC:/Users/MSI/Documents/lds_ws/lk-design-system/packages/core/dist/chunk-V5DS3VLV.js[22m
[2m오후 11:27:02[22m [36m[1m[vite][22m[39m [90m[2m(client)[22m[39m [32mpage reload [39m[2mC:/Users/MSI/Documents/lds_ws/lk-design-system/packages/core/dist/chunk-BEHEWEDL.js[22m
[2m오후 11:27:02[22m [36m[1m[vite][22m[39m [90m[2m(client)[22m[39m [32mpage reload [39m[2mC:/Users/MSI/Documents/lds_ws/lk-design-system/packages/core/dist/chunk-S2QN6NWO.js[22m
[2m오후 11:27:02[22m [36m[1m[vite][22m[39m [90m[2m(client)[22m[39m [32mpage reload [39m[2mC:/Users/MSI/Documents/lds_ws/lk-design-system/packages/core/dist/chunk-X47OPQUZ.js[22m
[2m오후 11:27:02[22m [36m[1m[vite][22m[39m [90m[2m(client)[22m[39m [32mpage reload [39m[2mC:/Users/MSI/Documents/lds_ws/lk-design-system/packages/core/dist/chunk-AFU6G6IZ.js[22m
[2m오후 11:27:02[22m [36m[1m[vite][22m[39m [90m[2m(client)[22m[39m [32mpage reload [39m[2mC:/Users/MSI/Documents/lds_ws/lk-design-system/packages/core/dist/chunk-GJ2COPCG.js[22m
[2m오후 11:27:02[22m [36m[1m[vite][22m[39m [90m[2m(client)[22m[39m [32mpage reload [39m[2mC:/Users/MSI/Documents/lds_ws/lk-design-system/packages/core/dist/chunk-WWVKQY22.js[22m
[2m오후 11:27:02[22m [36m[1m[vite][22m[39m [90m[2m(client)[22m[39m [32mpage reload [39m[2mC:/Users/MSI/Documents/lds_ws/lk-design-system/packages/core/dist/chunk-D3IB64A6.js[22m
[2m오후 11:27:02[22m [36m[1m[vite][22m[39m [90m[2m(client)[22m[39m [32mpage reload [39m[2mC:/Users/MSI/Documents/lds_ws/lk-design-system/packages/core/dist/chunk-2UHM22L2.js[22m
[2m오후 11:27:02[22m [36m[1m[vite][22m[39m [90m[2m(client)[22m[39m [32mpage reload [39m[2mC:/Users/MSI/Documents/lds_ws/lk-design-system/packages/core/dist/chunk-ODZ5FCNW.js[22m
[2m오후 11:27:02[22m [36m[1m[vite][22m[39m [90m[2m(client)[22m[39m [32mpage reload [39m[2mC:/Users/MSI/Documents/lds_ws/lk-design-system/packages/core/dist/chunk-QD42XNRW.js[22m
[2m오후 11:27:02[22m [36m[1m[vite][22m[39m [90m[2m(client)[22m[39m [32mpage reload [39m[2mC:/Users/MSI/Documents/lds_ws/lk-design-system/packages/core/dist/chunk-4IBAPO4L.js[22m
[2m오후 11:27:02[22m [36m[1m[vite][22m[39m [90m[2m(client)[22m[39m [32mpage reload [39m[2mC:/Users/MSI/Documents/lds_ws/lk-design-system/packages/core/dist/chunk-USJRD3OL.js[22m
[2m오후 11:27:02[22m [36m[1m[vite][22m[39m [90m[2m(client)[22m[39m [32mpage reload [39m[2mC:/Users/MSI/Documents/lds_ws/lk-design-system/packages/core/dist/chunk-WJN7GSBY.js[22m
[2m오후 11:27:02[22m [36m[1m[vite][22m[39m [90m[2m(client)[22m[39m [32mpage reload [39m[2mC:/Users/MSI/Documents/lds_ws/lk-design-system/packages/core/dist/chunk-Y2SFLMBU.js[22m
[2m오후 11:27:02[22m [36m[1m[vite][22m[39m [90m[2m(client)[22m[39m [32mpage reload [39m[2mC:/Users/MSI/Documents/lds_ws/lk-design-system/packages/core/dist/chunk-EAU6D6QZ.js[22m
[2m오후 11:27:02[22m [36m[1m[vite][22m[39m [90m[2m(client)[22m[39m [32mpage reload [39m[2mC:/Users/MSI/Documents/lds_ws/lk-design-system/packages/core/dist/chunk-7M4UXSJC.js[22m
[2m오후 11:27:02[22m [36m[1m[vite][22m[39m [90m[2m(client)[22m[39m [32mpage reload [39m[2mC:/Users/MSI/Documents/lds_ws/lk-design-system/packages/core/dist/chunk-XN4RZ5ET.js[22m
[2m오후 11:27:02[22m [36m[1m[vite][22m[39m [90m[2m(client)[22m[39m [32mpage reload [39m[2mC:/Users/MSI/Documents/lds_ws/lk-design-system/packages/core/dist/chunk-YRINARDR.js[22m
[2m오후 11:27:02[22m [36m[1m[vite][22m[39m [90m[2m(client)[22m[39m [32mpage reload [39m[2mC:/Users/MSI/Documents/lds_ws/lk-design-system/packages/core/dist/chunk-JG7L4M23.js[22m
[2m오후 11:27:02[22m [36m[1m[vite][22m[39m [90m[2m(client)[22m[39m [32mpage reload [39m[2mC:/Users/MSI/Documents/lds_ws/lk-design-system/packages/core/dist/chunk-JHUWUWAW.js[22m
[2m오후 11:27:02[22m [36m[1m[vite][22m[39m [90m[2m(client)[22m[39m [32mpage reload [39m[2mC:/Users/MSI/Documents/lds_ws/lk-design-system/packages/core/dist/chunk-U6GEJJ6G.js[22m
[2m오후 11:27:02[22m [36m[1m[vite][22m[39m [90m[2m(client)[22m[39m [32mpage reload [39m[2mC:/Users/MSI/Documents/lds_ws/lk-design-system/packages/core/dist/chunk-CZT4S73U.js[22m
[2m오후 11:27:02[22m [36m[1m[vite][22m[39m [90m[2m(client)[22m[39m [32mpage reload [39m[2mC:/Users/MSI/Documents/lds_ws/lk-design-system/packages/core/dist/chunk-26JWL545.js[22m
[2m오후 11:27:02[22m [36m[1m[vite][22m[39m [90m[2m(client)[22m[39m [32mpage reload [39m[2mC:/Users/MSI/Documents/lds_ws/lk-design-system/packages/core/dist/chunk-UI2I2TV5.js[22m
[2m오후 11:27:02[22m [36m[1m[vite][22m[39m [90m[2m(client)[22m[39m [32mpage reload [39m[2mC:/Users/MSI/Documents/lds_ws/lk-design-system/packages/core/dist/chunk-NTECDBQW.js[22m
[2m오후 11:27:02[22m [36m[1m[vite][22m[39m [90m[2m(client)[22m[39m [32mpage reload [39m[2mC:/Users/MSI/Documents/lds_ws/lk-design-system/packages/core/dist/chunk-F7QSUROJ.js[22m
[2m오후 11:27:02[22m [36m[1m[vite][22m[39m [90m[2m(client)[22m[39m [32mpage reload [39m[2mC:/Users/MSI/Documents/lds_ws/lk-design-system/packages/core/dist/chunk-JUTMKT2R.js[22m
[2m오후 11:27:02[22m [36m[1m[vite][22m[39m [90m[2m(client)[22m[39m [32mpage reload [39m[2mC:/Users/MSI/Documents/lds_ws/lk-design-system/packages/core/dist/chunk-OEE3VP5Q.js[22m
[2m오후 11:27:02[22m [36m[1m[vite][22m[39m [90m[2m(client)[22m[39m [32mpage reload [39m[2mC:/Users/MSI/Documents/lds_ws/lk-design-system/packages/core/dist/chunk-XSX43JSE.js[22m
[2m오후 11:27:02[22m [36m[1m[vite][22m[39m [90m[2m(client)[22m[39m [32mpage reload [39m[2mC:/Users/MSI/Documents/lds_ws/lk-design-system/packages/core/dist/chunk-YPIOAYJD.js[22m
[2m오후 11:27:02[22m [36m[1m[vite][22m[39m [90m[2m(client)[22m[39m [32mpage reload [39m[2mC:/Users/MSI/Documents/lds_ws/lk-design-system/packages/core/dist/chunk-4S3NAPS2.js[22m
[2m오후 11:27:02[22m [36m[1m[vite][22m[39m [90m[2m(client)[22m[39m [32mpage reload [39m[2mC:/Users/MSI/Documents/lds_ws/lk-design-system/packages/core/dist/chunk-HRBOQUCC.js[22m
[2m오후 11:27:02[22m [36m[1m[vite][22m[39m [90m[2m(client)[22m[39m [32mpage reload [39m[2mC:/Users/MSI/Documents/lds_ws/lk-design-system/packages/core/dist/chunk-FCOPBODO.js[22m
[2m오후 11:27:02[22m [36m[1m[vite][22m[39m [90m[2m(client)[22m[39m [32mpage reload [39m[2mC:/Users/MSI/Documents/lds_ws/lk-design-system/packages/core/dist/chunk-TCRSTIDV.js[22m
[2m오후 11:27:02[22m [36m[1m[vite][22m[39m [90m[2m(client)[22m[39m [32mpage reload [39m[2mC:/Users/MSI/Documents/lds_ws/lk-design-system/packages/core/dist/chunk-VL2LVV4M.js[22m
[2m오후 11:27:02[22m [36m[1m[vite][22m[39m [90m[2m(client)[22m[39m [32mpage reload [39m[2mC:/Users/MSI/Documents/lds_ws/lk-design-system/packages/core/dist/chunk-CYOC2EZR.js[22m
[2m오후 11:27:02[22m [36m[1m[vite][22m[39m [90m[2m(client)[22m[39m [32mpage reload [39m[2mC:/Users/MSI/Documents/lds_ws/lk-design-system/packages/core/dist/chunk-WAAL2U4T.js[22m
[2m오후 11:27:02[22m [36m[1m[vite][22m[39m [90m[2m(client)[22m[39m [32mpage reload [39m[2mC:/Users/MSI/Documents/lds_ws/lk-design-system/packages/core/dist/chunk-GB3ZM5MF.js[22m
[2m오후 11:27:02[22m [36m[1m[vite][22m[39m [90m[2m(client)[22m[39m [32mpage reload [39m[2mC:/Users/MSI/Documents/lds_ws/lk-design-system/packages/core/dist/chunk-BZYGJB3K.js[22m
[2m오후 11:27:02[22m [36m[1m[vite][22m[39m [90m[2m(client)[22m[39m [32mhmr update [39m[2m/@id/__x00__virtual:/@storybook/builder-vite/vite-app.js[22m
[2m오후 11:27:02[22m [36m[1m[vite][22m[39m [90m[2m(client)[22m[39m [32mhmr update [39m[2m/@id/__x00__virtual:/@storybook/builder-vite/vite-app.js[22m
[2m오후 11:27:02[22m [36m[1m[vite][22m[39m [90m[2m(client)[22m[39m [32mhmr update [39m[2m/@id/__x00__virtual:/@storybook/builder-vite/vite-app.js[22m
[2m오후 11:27:02[22m [36m[1m[vite][22m[39m [90m[2m(client)[22m[39m [32mhmr update [39m[2m/@id/__x00__virtual:/@storybook/builder-vite/vite-app.js[22m
[2m오후 11:27:02[22m [36m[1m[vite][22m[39m [90m[2m(client)[22m[39m [32mhmr update [39m[2m/@id/__x00__virtual:/@storybook/builder-vite/vite-app.js[22m
[2m오후 11:27:02[22m [36m[1m[vite][22m[39m [90m[2m(client)[22m[39m [32mhmr update [39m[2m/@id/__x00__virtual:/@storybook/builder-vite/vite-app.js[22m
[2m오후 11:27:02[22m [36m[1m[vite][22m[39m [90m[2m(client)[22m[39m [32mhmr update [39m[2m/@id/__x00__virtual:/@storybook/builder-vite/vite-app.js[22m
[2m오후 11:27:02[22m [36m[1m[vite][22m[39m [90m[2m(client)[22m[39m [32mhmr update [39m[2m/@id/__x00__virtual:/@storybook/builder-vite/vite-app.js[22m
[2m오후 11:27:02[22m [36m[1m[vite][22m[39m [90m[2m(client)[22m[39m [32mhmr update [39m[2m/@id/__x00__virtual:/@storybook/builder-vite/vite-app.js[22m
[2m오후 11:27:02[22m [36m[1m[vite][22m[39m [90m[2m(client)[22m[39m [32mhmr update [39m[2m/@id/__x00__virtual:/@storybook/builder-vite/vite-app.js[22m
[2m오후 11:27:02[22m [36m[1m[vite][22m[39m [90m[2m(client)[22m[39m [32mhmr update [39m[2m/@id/__x00__virtual:/@storybook/builder-vite/vite-app.js[22m
[2m오후 11:27:02[22m [36m[1m[vite][22m[39m [90m[2m(client)[22m[39m [32mhmr update [39m[2m/@id/__x00__virtual:/@storybook/builder-vite/vite-app.js[22m
[2m오후 11:27:02[22m [36m[1m[vite][22m[39m [90m[2m(client)[22m[39m [32mhmr update [39m[2m/@id/__x00__virtual:/@storybook/builder-vite/vite-app.js[22m
[2m오후 11:27:02[22m [36m[1m[vite][22m[39m [90m[2m(client)[22m[39m [32mhmr update [39m[2m/@id/__x00__virtual:/@storybook/builder-vite/vite-app.js[22m
[2m오후 11:27:02[22m [36m[1m[vite][22m[39m [90m[2m(client)[22m[39m [32mhmr update [39m[2m/@id/__x00__virtual:/@storybook/builder-vite/vite-app.js[22m
[2m오후 11:27:02[22m [36m[1m[vite][22m[39m [90m[2m(client)[22m[39m [32mhmr update [39m[2m/@id/__x00__virtual:/@storybook/builder-vite/vite-app.js[22m
[2m오후 11:27:02[22m [36m[1m[vite][22m[39m [90m[2m(client)[22m[39m [32mhmr update [39m[2m/@id/__x00__virtual:/@storybook/builder-vite/vite-app.js[22m
[2m오후 11:27:02[22m [36m[1m[vite][22m[39m [90m[2m(client)[22m[39m [32mhmr update [39m[2m/@id/__x00__virtual:/@storybook/builder-vite/vite-app.js[22m
[2m오후 11:27:02[22m [36m[1m[vite][22m[39m [90m[2m(client)[22m[39m [32mhmr update [39m[2m/@id/__x00__virtual:/@storybook/builder-vite/vite-app.js[22m
[2m오후 11:27:02[22m [36m[1m[vite][22m[39m [90m[2m(client)[22m[39m [32mhmr update [39m[2m/@id/__x00__virtual:/@storybook/builder-vite/vite-app.js[22m
[2m오후 11:27:02[22m [36m[1m[vite][22m[39m [90m[2m(client)[22m[39m [32mhmr update [39m[2m/@id/__x00__virtual:/@storybook/builder-vite/vite-app.js[22m
[2m오후 11:27:02[22m [36m[1m[vite][22m[39m [90m[2m(client)[22m[39m [32mhmr update [39m[2m/@id/__x00__virtual:/@storybook/builder-vite/vite-app.js[22m
[2m오후 11:27:03[22m [36m[1m[vite][22m[39m [90m[2m(client)[22m[39m [32mhmr update [39m[2m/@id/__x00__virtual:/@storybook/builder-vite/vite-app.js[22m
[2m오후 11:27:03[22m [36m[1m[vite][22m[39m [90m[2m(client)[22m[39m [32mhmr update [39m[2m/@id/__x00__virtual:/@storybook/builder-vite/vite-app.js[22m
[2m오후 11:27:03[22m [36m[1m[vite][22m[39m [90m[2m(client)[22m[39m [32mhmr update [39m[2m/@id/__x00__virtual:/@storybook/builder-vite/vite-app.js[22m
[2m오후 11:27:03[22m [36m[1m[vite][22m[39m [90m[2m(client)[22m[39m [32mhmr update [39m[2m/@id/__x00__virtual:/@storybook/builder-vite/vite-app.js[22m
[2m오후 11:27:03[22m [36m[1m[vite][22m[39m [90m[2m(client)[22m[39m [32mhmr update [39m[2m/@id/__x00__virtual:/@storybook/builder-vite/vite-app.js[22m
[2m오후 11:27:03[22m [36m[1m[vite][22m[39m [90m[2m(client)[22m[39m [32mhmr update [39m[2m/@id/__x00__virtual:/@storybook/builder-vite/vite-app.js[22m
[2m오후 11:27:03[22m [36m[1m[vite][22m[39m [90m[2m(client)[22m[39m [32mhmr update [39m[2m/@id/__x00__virtual:/@storybook/builder-vite/vite-app.js[22m
[2m오후 11:27:03[22m [36m[1m[vite][22m[39m [90m[2m(client)[22m[39m [32mhmr update [39m[2m/@id/__x00__virtual:/@storybook/builder-vite/vite-app.js[22m
[2m오후 11:27:03[22m [36m[1m[vite][22m[39m [90m[2m(client)[22m[39m [32mhmr update [39m[2m/@id/__x00__virtual:/@storybook/builder-vite/vite-app.js[22m
[2m오후 11:27:03[22m [36m[1m[vite][22m[39m [90m[2m(client)[22m[39m [32mhmr update [39m[2m/@id/__x00__virtual:/@storybook/builder-vite/vite-app.js[22m
[2m오후 11:27:03[22m [36m[1m[vite][22m[39m [90m[2m(client)[22m[39m [32mhmr update [39m[2m/@id/__x00__virtual:/@storybook/builder-vite/vite-app.js[22m
[2m오후 11:27:03[22m [36m[1m[vite][22m[39m [90m[2m(client)[22m[39m [32mhmr update [39m[2m/@id/__x00__virtual:/@storybook/builder-vite/vite-app.js[22m
[2m오후 11:27:03[22m [36m[1m[vite][22m[39m [90m[2m(client)[22m[39m [32mhmr update [39m[2m/@id/__x00__virtual:/@storybook/builder-vite/vite-app.js[22m
[2m오후 11:27:03[22m [36m[1m[vite][22m[39m [90m[2m(client)[22m[39m [32mhmr update [39m[2m/@id/__x00__virtual:/@storybook/builder-vite/vite-app.js[22m
[2m오후 11:27:03[22m [36m[1m[vite][22m[39m [90m[2m(client)[22m[39m [32mhmr update [39m[2m/@id/__x00__virtual:/@storybook/builder-vite/vite-app.js[22m
[2m오후 11:27:03[22m [36m[1m[vite][22m[39m [90m[2m(client)[22m[39m [32mhmr update [39m[2m/@id/__x00__virtual:/@storybook/builder-vite/vite-app.js[22m
[2m오후 11:27:03[22m [36m[1m[vite][22m[39m [90m[2m(client)[22m[39m [32mhmr update [39m[2m/@id/__x00__virtual:/@storybook/builder-vite/vite-app.js[22m
[2m오후 11:27:03[22m [36m[1m[vite][22m[39m [90m[2m(client)[22m[39m [32mhmr update [39m[2m/@id/__x00__virtual:/@storybook/builder-vite/vite-app.js[22m
[2m오후 11:27:03[22m [36m[1m[vite][22m[39m [90m[2m(client)[22m[39m [32mhmr update [39m[2m/@id/__x00__virtual:/@storybook/builder-vite/vite-app.js[22m
[2m오후 11:27:03[22m [36m[1m[vite][22m[39m [90m[2m(client)[22m[39m [32mhmr update [39m[2m/@id/__x00__virtual:/@storybook/builder-vite/vite-app.js[22m
[2m오후 11:27:03[22m [36m[1m[vite][22m[39m [90m[2m(client)[22m[39m [32mhmr update [39m[2m/@id/__x00__virtual:/@storybook/builder-vite/vite-app.js[22m
[2m오후 11:27:03[22m [36m[1m[vite][22m[39m [90m[2m(client)[22m[39m [32mhmr update [39m[2m/@id/__x00__virtual:/@storybook/builder-vite/vite-app.js[22m
[2m오후 11:27:03[22m [36m[1m[vite][22m[39m [90m[2m(client)[22m[39m [32mhmr update [39m[2m/@id/__x00__virtual:/@storybook/builder-vite/vite-app.js[22m
[2m오후 11:27:03[22m [36m[1m[vite][22m[39m [90m[2m(client)[22m[39m [32mhmr update [39m[2m/@id/__x00__virtual:/@storybook/builder-vite/vite-app.js[22m
[2m오후 11:27:03[22m [36m[1m[vite][22m[39m [90m[2m(client)[22m[39m [32mhmr update [39m[2m/@id/__x00__virtual:/@storybook/builder-vite/vite-app.js[22m
[2m오후 11:27:03[22m [36m[1m[vite][22m[39m [90m[2m(client)[22m[39m [32mhmr update [39m[2m/@id/__x00__virtual:/@storybook/builder-vite/vite-app.js[22m
[2m오후 11:27:03[22m [36m[1m[vite][22m[39m [90m[2m(client)[22m[39m [32mhmr update [39m[2m/@id/__x00__virtual:/@storybook/builder-vite/vite-app.js[22m
[2m오후 11:27:03[22m [36m[1m[vite][22m[39m [90m[2m(client)[22m[39m [32mhmr update [39m[2m/@id/__x00__virtual:/@storybook/builder-vite/vite-app.js[22m
[2m오후 11:27:03[22m [36m[1m[vite][22m[39m [90m[2m(client)[22m[39m [32mhmr update [39m[2m/@id/__x00__virtual:/@storybook/builder-vite/vite-app.js[22m
[2m오후 11:27:03[22m [36m[1m[vite][22m[39m [90m[2m(client)[22m[39m [32mhmr update [39m[2m/@id/__x00__virtual:/@storybook/builder-vite/vite-app.js[22m
[2m오후 11:27:03[22m [36m[1m[vite][22m[39m [90m[2m(client)[22m[39m [32mhmr update [39m[2m/@id/__x00__virtual:/@storybook/builder-vite/vite-app.js[22m
[2m오후 11:27:03[22m [36m[1m[vite][22m[39m [90m[2m(client)[22m[39m [32mhmr update [39m[2m/@id/__x00__virtual:/@storybook/builder-vite/vite-app.js[22m
[2m오후 11:27:03[22m [36m[1m[vite][22m[39m [90m[2m(client)[22m[39m [32mhmr update [39m[2m/@id/__x00__virtual:/@storybook/builder-vite/vite-app.js[22m
[2m오후 11:27:03[22m [36m[1m[vite][22m[39m [90m[2m(client)[22m[39m [32mhmr update [39m[2m/@id/__x00__virtual:/@storybook/builder-vite/vite-app.js[22m
[2m오후 11:27:03[22m [36m[1m[vite][22m[39m [90m[2m(client)[22m[39m [32mhmr update [39m[2m/@id/__x00__virtual:/@storybook/builder-vite/vite-app.js[22m
[2m오후 11:27:03[22m [36m[1m[vite][22m[39m [90m[2m(client)[22m[39m [32mhmr update [39m[2m/@id/__x00__virtual:/@storybook/builder-vite/vite-app.js[22m
[2m오후 11:27:03[22m [36m[1m[vite][22m[39m [90m[2m(client)[22m[39m [32mhmr update [39m[2m/@id/__x00__virtual:/@storybook/builder-vite/vite-app.js[22m
[2m오후 11:27:03[22m [36m[1m[vite][22m[39m [90m[2m(client)[22m[39m [32mhmr update [39m[2m/@id/__x00__virtual:/@storybook/builder-vite/vite-app.js[22m
[2m오후 11:27:03[22m [36m[1m[vite][22m[39m [90m[2m(client)[22m[39m [32mhmr update [39m[2m/@id/__x00__virtual:/@storybook/builder-vite/vite-app.js[22m
[2m오후 11:27:03[22m [36m[1m[vite][22m[39m [90m[2m(client)[22m[39m [32mhmr update [39m[2m/@id/__x00__virtual:/@storybook/builder-vite/vite-app.js[22m
[2m오후 11:27:03[22m [36m[1m[vite][22m[39m [90m[2m(client)[22m[39m [32mhmr update [39m[2m/@id/__x00__virtual:/@storybook/builder-vite/vite-app.js[22m
[2m오후 11:27:03[22m [36m[1m[vite][22m[39m [90m[2m(client)[22m[39m [32mhmr update [39m[2m/@id/__x00__virtual:/@storybook/builder-vite/vite-app.js[22m
[2m오후 11:27:03[22m [36m[1m[vite][22m[39m [90m[2m(client)[22m[39m [32mhmr update [39m[2m/@id/__x00__virtual:/@storybook/builder-vite/vite-app.js[22m
[2m오후 11:27:03[22m [36m[1m[vite][22m[39m [90m[2m(client)[22m[39m [32mhmr update [39m[2m/@id/__x00__virtual:/@storybook/builder-vite/vite-app.js[22m
[2m오후 11:27:03[22m [36m[1m[vite][22m[39m [90m[2m(client)[22m[39m [32mhmr update [39m[2m/@id/__x00__virtual:/@storybook/builder-vite/vite-app.js[22m
[2m오후 11:27:03[22m [36m[1m[vite][22m[39m [90m[2m(client)[22m[39m [32mhmr update [39m[2m/@id/__x00__virtual:/@storybook/builder-vite/vite-app.js[22m
[2m오후 11:27:03[22m [36m[1m[vite][22m[39m [90m[2m(client)[22m[39m [32mhmr update [39m[2m/@id/__x00__virtual:/@storybook/builder-vite/vite-app.js[22m
[2m오후 11:27:03[22m [36m[1m[vite][22m[39m [90m[2m(client)[22m[39m [32mhmr update [39m[2m/@id/__x00__virtual:/@storybook/builder-vite/vite-app.js[22m
[2m오후 11:27:03[22m [36m[1m[vite][22m[39m [90m[2m(client)[22m[39m [32mhmr update [39m[2m/@id/__x00__virtual:/@storybook/builder-vite/vite-app.js[22m
[2m오후 11:27:03[22m [36m[1m[vite][22m[39m [90m[2m(client)[22m[39m [32mhmr update [39m[2m/@id/__x00__virtual:/@storybook/builder-vite/vite-app.js[22m
[2m오후 11:27:03[22m [36m[1m[vite][22m[39m [90m[2m(client)[22m[39m [32mhmr update [39m[2m/@id/__x00__virtual:/@storybook/builder-vite/vite-app.js[22m
[2m오후 11:27:03[22m [36m[1m[vite][22m[39m [90m[2m(client)[22m[39m [32mhmr update [39m[2m/@id/__x00__virtual:/@storybook/builder-vite/vite-app.js[22m
[2m오후 11:27:03[22m [36m[1m[vite][22m[39m [90m[2m(client)[22m[39m [32mhmr update [39m[2m/@id/__x00__virtual:/@storybook/builder-vite/vite-app.js[22m
[2m오후 11:27:03[22m [36m[1m[vite][22m[39m [90m[2m(client)[22m[39m [32mhmr update [39m[2m/@id/__x00__virtual:/@storybook/builder-vite/vite-app.js[22m
[2m오후 11:27:03[22m [36m[1m[vite][22m[39m [90m[2m(client)[22m[39m [32mhmr update [39m[2m/@id/__x00__virtual:/@storybook/builder-vite/vite-app.js[22m
[2m오후 11:27:03[22m [36m[1m[vite][22m[39m [90m[2m(client)[22m[39m [32mhmr update [39m[2m/@id/__x00__virtual:/@storybook/builder-vite/vite-app.js[22m
[2m오후 11:27:03[22m [36m[1m[vite][22m[39m [90m[2m(client)[22m[39m [32mhmr update [39m[2m/@id/__x00__virtual:/@storybook/builder-vite/vite-app.js[22m
[2m오후 11:27:03[22m [36m[1m[vite][22m[39m [90m[2m(client)[22m[39m [32mhmr update [39m[2m/@id/__x00__virtual:/@storybook/builder-vite/vite-app.js[22m
[2m오후 11:27:03[22m [36m[1m[vite][22m[39m [90m[2m(client)[22m[39m [32mhmr update [39m[2m/@id/__x00__virtual:/@storybook/builder-vite/vite-app.js[22m
[2m오후 11:27:03[22m [36m[1m[vite][22m[39m [90m[2m(client)[22m[39m [32mhmr update [39m[2m/@id/__x00__virtual:/@storybook/builder-vite/vite-app.js[22m
[2m오후 11:27:03[22m [36m[1m[vite][22m[39m [90m[2m(client)[22m[39m [32mhmr update [39m[2m/@id/__x00__virtual:/@storybook/builder-vite/vite-app.js[22m
[2m오후 11:27:03[22m [36m[1m[vite][22m[39m [90m[2m(client)[22m[39m [32mhmr update [39m[2m/@id/__x00__virtual:/@storybook/builder-vite/vite-app.js[22m
[2m오후 11:27:03[22m [36m[1m[vite][22m[39m [90m[2m(client)[22m[39m [32mhmr update [39m[2m/@id/__x00__virtual:/@storybook/builder-vite/vite-app.js[22m
[2m오후 11:27:03[22m [36m[1m[vite][22m[39m [90m[2m(client)[22m[39m [32mhmr update [39m[2m/@id/__x00__virtual:/@storybook/builder-vite/vite-app.js[22m
[2m오후 11:27:03[22m [36m[1m[vite][22m[39m [90m[2m(client)[22m[39m [32mhmr update [39m[2m/@id/__x00__virtual:/@storybook/builder-vite/vite-app.js[22m
[2m오후 11:27:03[22m [36m[1m[vite][22m[39m [90m[2m(client)[22m[39m [32mhmr update [39m[2m/@id/__x00__virtual:/@storybook/builder-vite/vite-app.js[22m
[2m오후 11:27:03[22m [36m[1m[vite][22m[39m [90m[2m(client)[22m[39m [32mhmr update [39m[2m/@id/__x00__virtual:/@storybook/builder-vite/vite-app.js[22m
[2m오후 11:27:03[22m [36m[1m[vite][22m[39m [90m[2m(client)[22m[39m [32mhmr update [39m[2m/@id/__x00__virtual:/@storybook/builder-vite/vite-app.js[22m
[2m오후 11:27:03[22m [36m[1m[vite][22m[39m [90m[2m(client)[22m[39m [32mhmr update [39m[2m/@id/__x00__virtual:/@storybook/builder-vite/vite-app.js[22m
[2m오후 11:27:03[22m [36m[1m[vite][22m[39m [90m[2m(client)[22m[39m [32mhmr update [39m[2m/@id/__x00__virtual:/@storybook/builder-vite/vite-app.js[22m
[2m오후 11:27:03[22m [36m[1m[vite][22m[39m [90m[2m(client)[22m[39m [32mhmr update [39m[2m/@id/__x00__virtual:/@storybook/builder-vite/vite-app.js[22m
[2m오후 11:27:03[22m [36m[1m[vite][22m[39m [90m[2m(client)[22m[39m [32mhmr update [39m[2m/@id/__x00__virtual:/@storybook/builder-vite/vite-app.js[22m
[2m오후 11:27:03[22m [36m[1m[vite][22m[39m [90m[2m(client)[22m[39m [32mhmr update [39m[2m/@id/__x00__virtual:/@storybook/builder-vite/vite-app.js[22m
[2m오후 11:27:03[22m [36m[1m[vite][22m[39m [90m[2m(client)[22m[39m [32mhmr update [39m[2m/@id/__x00__virtual:/@storybook/builder-vite/vite-app.js[22m
[2m오후 11:27:03[22m [36m[1m[vite][22m[39m [90m[2m(client)[22m[39m [32mhmr update [39m[2m/@id/__x00__virtual:/@storybook/builder-vite/vite-app.js[22m
[2m오후 11:27:03[22m [36m[1m[vite][22m[39m [90m[2m(client)[22m[39m [32mhmr update [39m[2m/@id/__x00__virtual:/@storybook/builder-vite/vite-app.js[22m
[2m오후 11:27:03[22m [36m[1m[vite][22m[39m [90m[2m(client)[22m[39m [32mhmr update [39m[2m/@id/__x00__virtual:/@storybook/builder-vite/vite-app.js[22m
[2m오후 11:27:03[22m [36m[1m[vite][22m[39m [90m[2m(client)[22m[39m [32mhmr update [39m[2m/@id/__x00__virtual:/@storybook/builder-vite/vite-app.js[22m
[2m오후 11:27:03[22m [36m[1m[vite][22m[39m [90m[2m(client)[22m[39m [32mhmr update [39m[2m/@id/__x00__virtual:/@storybook/builder-vite/vite-app.js[22m
[2m오후 11:27:03[22m [36m[1m[vite][22m[39m [90m[2m(client)[22m[39m [32mhmr update [39m[2m/@id/__x00__virtual:/@storybook/builder-vite/vite-app.js[22m
[2m오후 11:27:03[22m [36m[1m[vite][22m[39m [90m[2m(client)[22m[39m [32mhmr update [39m[2m/@id/__x00__virtual:/@storybook/builder-vite/vite-app.js[22m
[2m오후 11:27:03[22m [36m[1m[vite][22m[39m [90m[2m(client)[22m[39m [32mhmr update [39m[2m/@id/__x00__virtual:/@storybook/builder-vite/vite-app.js[22m
[2m오후 11:27:03[22m [36m[1m[vite][22m[39m [90m[2m(client)[22m[39m [32mhmr update [39m[2m/@id/__x00__virtual:/@storybook/builder-vite/vite-app.js[22m
[2m오후 11:27:03[22m [36m[1m[vite][22m[39m [90m[2m(client)[22m[39m [32mhmr update [39m[2m/@id/__x00__virtual:/@storybook/builder-vite/vite-app.js[22m
[2m오후 11:27:03[22m [36m[1m[vite][22m[39m [90m[2m(client)[22m[39m [32mhmr update [39m[2m/@id/__x00__virtual:/@storybook/builder-vite/vite-app.js[22m
[2m오후 11:27:03[22m [36m[1m[vite][22m[39m [90m[2m(client)[22m[39m [32mhmr update [39m[2m/@id/__x00__virtual:/@storybook/builder-vite/vite-app.js[22m
[2m오후 11:27:03[22m [36m[1m[vite][22m[39m [90m[2m(client)[22m[39m [32mhmr update [39m[2m/@id/__x00__virtual:/@storybook/builder-vite/vite-app.js[22m
[2m오후 11:27:03[22m [36m[1m[vite][22m[39m [90m[2m(client)[22m[39m [32mhmr update [39m[2m/@id/__x00__virtual:/@storybook/builder-vite/vite-app.js[22m
[2m오후 11:27:03[22m [36m[1m[vite][22m[39m [90m[2m(client)[22m[39m [32mhmr update [39m[2m/@id/__x00__virtual:/@storybook/builder-vite/vite-app.js[22m
[2m오후 11:27:03[22m [36m[1m[vite][22m[39m [90m[2m(client)[22m[39m [32mhmr update [39m[2m/@id/__x00__virtual:/@storybook/builder-vite/vite-app.js[22m
[2m오후 11:27:03[22m [36m[1m[vite][22m[39m [90m[2m(client)[22m[39m [32mhmr update [39m[2m/@id/__x00__virtual:/@storybook/builder-vite/vite-app.js[22m
[2m오후 11:27:03[22m [36m[1m[vite][22m[39m [90m[2m(client)[22m[39m [32mhmr update [39m[2m/@id/__x00__virtual:/@storybook/builder-vite/vite-app.js[22m
[2m오후 11:27:03[22m [36m[1m[vite][22m[39m [90m[2m(client)[22m[39m [32mhmr update [39m[2m/@id/__x00__virtual:/@storybook/builder-vite/vite-app.js[22m
[2m오후 11:27:03[22m [36m[1m[vite][22m[39m [90m[2m(client)[22m[39m [32mhmr update [39m[2m/@id/__x00__virtual:/@storybook/builder-vite/vite-app.js[22m
[2m오후 11:27:03[22m [36m[1m[vite][22m[39m [90m[2m(client)[22m[39m [32mhmr update [39m[2m/@id/__x00__virtual:/@storybook/builder-vite/vite-app.js[22m
[2m오후 11:27:03[22m [36m[1m[vite][22m[39m [90m[2m(client)[22m[39m [32mhmr update [39m[2m/@id/__x00__virtual:/@storybook/builder-vite/vite-app.js[22m
[2m오후 11:27:03[22m [36m[1m[vite][22m[39m [90m[2m(client)[22m[39m [32mhmr update [39m[2m/@id/__x00__virtual:/@storybook/builder-vite/vite-app.js[22m
[2m오후 11:27:03[22m [36m[1m[vite][22m[39m [90m[2m(client)[22m[39m [32mhmr update [39m[2m/@id/__x00__virtual:/@storybook/builder-vite/vite-app.js[22m
[2m오후 11:27:03[22m [36m[1m[vite][22m[39m [90m[2m(client)[22m[39m [32mhmr update [39m[2m/@id/__x00__virtual:/@storybook/builder-vite/vite-app.js[22m
[2m오후 11:27:03[22m [36m[1m[vite][22m[39m [90m[2m(client)[22m[39m [32mhmr update [39m[2m/@id/__x00__virtual:/@storybook/builder-vite/vite-app.js[22m
[2m오후 11:27:03[22m [36m[1m[vite][22m[39m [90m[2m(client)[22m[39m [32mhmr update [39m[2m/@id/__x00__virtual:/@storybook/builder-vite/vite-app.js[22m
[2m오후 11:27:03[22m [36m[1m[vite][22m[39m [90m[2m(client)[22m[39m [32mhmr update [39m[2m/@id/__x00__virtual:/@storybook/builder-vite/vite-app.js[22m
[2m오후 11:27:03[22m [36m[1m[vite][22m[39m [90m[2m(client)[22m[39m [32mhmr update [39m[2m/@id/__x00__virtual:/@storybook/builder-vite/vite-app.js[22m
[2m오후 11:27:03[22m [36m[1m[vite][22m[39m [90m[2m(client)[22m[39m [32mhmr update [39m[2m/@id/__x00__virtual:/@storybook/builder-vite/vite-app.js[22m
[2m오후 11:27:03[22m [36m[1m[vite][22m[39m [90m[2m(client)[22m[39m [32mhmr update [39m[2m/@id/__x00__virtual:/@storybook/builder-vite/vite-app.js[22m
[2m오후 11:27:03[22m [36m[1m[vite][22m[39m [90m[2m(client)[22m[39m [32mhmr update [39m[2m/@id/__x00__virtual:/@storybook/builder-vite/vite-app.js[22m
[2m오후 11:27:03[22m [36m[1m[vite][22m[39m [90m[2m(client)[22m[39m [32mhmr update [39m[2m/@id/__x00__virtual:/@storybook/builder-vite/vite-app.js[22m
[2m오후 11:27:03[22m [36m[1m[vite][22m[39m [90m[2m(client)[22m[39m [32mhmr update [39m[2m/@id/__x00__virtual:/@storybook/builder-vite/vite-app.js[22m
[2m오후 11:27:03[22m [36m[1m[vite][22m[39m [90m[2m(client)[22m[39m [32mhmr update [39m[2m/@id/__x00__virtual:/@storybook/builder-vite/vite-app.js[22m
[2m오후 11:27:03[22m [36m[1m[vite][22m[39m [90m[2m(client)[22m[39m [32mhmr update [39m[2m/@id/__x00__virtual:/@storybook/builder-vite/vite-app.js[22m
[2m오후 11:27:03[22m [36m[1m[vite][22m[39m [90m[2m(client)[22m[39m [32mhmr update [39m[2m/@id/__x00__virtual:/@storybook/builder-vite/vite-app.js[22m
[2m오후 11:27:03[22m [36m[1m[vite][22m[39m [90m[2m(client)[22m[39m [32mhmr update [39m[2m/@id/__x00__virtual:/@storybook/builder-vite/vite-app.js[22m
[2m오후 11:27:03[22m [36m[1m[vite][22m[39m [90m[2m(client)[22m[39m [32mhmr update [39m[2m/@id/__x00__virtual:/@storybook/builder-vite/vite-app.js[22m
[2m오후 11:27:03[22m [36m[1m[vite][22m[39m [90m[2m(client)[22m[39m [32mhmr update [39m[2m/@id/__x00__virtual:/@storybook/builder-vite/vite-app.js[22m
[2m오후 11:27:03[22m [36m[1m[vite][22m[39m [90m[2m(client)[22m[39m [32mhmr update [39m[2m/@id/__x00__virtual:/@storybook/builder-vite/vite-app.js[22m
[2m오후 11:27:03[22m [36m[1m[vite][22m[39m [90m[2m(client)[22m[39m [32mhmr update [39m[2m/@id/__x00__virtual:/@storybook/builder-vite/vite-app.js[22m
[2m오후 11:27:03[22m [36m[1m[vite][22m[39m [90m[2m(client)[22m[39m [32mhmr update [39m[2m/@id/__x00__virtual:/@storybook/builder-vite/vite-app.js[22m
[2m오후 11:27:03[22m [36m[1m[vite][22m[39m [90m[2m(client)[22m[39m [32mhmr update [39m[2m/@id/__x00__virtual:/@storybook/builder-vite/vite-app.js[22m
[2m오후 11:27:03[22m [36m[1m[vite][22m[39m [90m[2m(client)[22m[39m [32mhmr update [39m[2m/@id/__x00__virtual:/@storybook/builder-vite/vite-app.js[22m
[2m오후 11:27:03[22m [36m[1m[vite][22m[39m [90m[2m(client)[22m[39m [32mhmr update [39m[2m/@id/__x00__virtual:/@storybook/builder-vite/vite-app.js[22m
[2m오후 11:27:03[22m [36m[1m[vite][22m[39m [90m[2m(client)[22m[39m [32mhmr update [39m[2m/@id/__x00__virtual:/@storybook/builder-vite/vite-app.js[22m
[2m오후 11:27:03[22m [36m[1m[vite][22m[39m [90m[2m(client)[22m[39m [32mhmr update [39m[2m/@id/__x00__virtual:/@storybook/builder-vite/vite-app.js[22m
[2m오후 11:27:03[22m [36m[1m[vite][22m[39m [90m[2m(client)[22m[39m [32mhmr update [39m[2m/@id/__x00__virtual:/@storybook/builder-vite/vite-app.js[22m
[2m오후 11:27:03[22m [36m[1m[vite][22m[39m [90m[2m(client)[22m[39m [32mhmr update [39m[2m/@id/__x00__virtual:/@storybook/builder-vite/vite-app.js[22m
[2m오후 11:27:03[22m [36m[1m[vite][22m[39m [90m[2m(client)[22m[39m [32mhmr update [39m[2m/@id/__x00__virtual:/@storybook/builder-vite/vite-app.js[22m
[2m오후 11:27:03[22m [36m[1m[vite][22m[39m [90m[2m(client)[22m[39m [32mhmr update [39m[2m/@id/__x00__virtual:/@storybook/builder-vite/vite-app.js[22m
[2m오후 11:27:03[22m [36m[1m[vite][22m[39m [90m[2m(client)[22m[39m [32mhmr update [39m[2m/@id/__x00__virtual:/@storybook/builder-vite/vite-app.js[22m
[2m오후 11:27:03[22m [36m[1m[vite][22m[39m [90m[2m(client)[22m[39m [32mhmr update [39m[2m/@id/__x00__virtual:/@storybook/builder-vite/vite-app.js[22m
[2m오후 11:45:02[22m [36m[1m[vite][22m[39m [90m[2m(client)[22m[39m [32mhmr update [39m[2m/@fs/C:/Users/MSI/Documents/lds_ws/lk-design-system/packages/core/styles.css[22m
[2m오후 11:45:02[22m [36m[1m[vite][22m[39m [90m[2m(client)[22m[39m [32mhmr update [39m[2m/@fs/C:/Users/MSI/Documents/lds_ws/lk-design-system/packages/theme/styles.css[22m
[2m오후 11:45:04[22m [36m[1m[vite][22m[39m [90m[2m(client)[22m[39m [32mhmr update [39m[2m/@fs/C:/Users/MSI/Documents/lds_ws/lk-design-system/packages/product/styles.css[22m
[2m오후 11:45:05[22m [36m[1m[vite][22m[39m [90m[2m(client)[22m[39m [32mhmr update [39m[2m/@fs/C:/Users/MSI/Documents/lds_ws/lk-design-system/packages/core/styles.css[22m
[2m오후 11:45:05[22m [36m[1m[vite][22m[39m [90m[2m(client)[22m[39m [32mhmr update [39m[2m/@fs/C:/Users/MSI/Documents/lds_ws/lk-design-system/packages/theme/styles.css[22m
[2m오후 11:45:05[22m [36m[1m[vite][22m[39m [90m[2m(client)[22m[39m [32mhmr update [39m[2m/@fs/C:/Users/MSI/Documents/lds_ws/lk-design-system/packages/product/styles.css[22m
[2m오후 11:45:09[22m [36m[1m[vite][22m[39m [90m[2m(client)[22m[39m [32mhmr update [39m[2m/@id/__x00__virtual:/@storybook/builder-vite/vite-app.js[22m
[2m오후 11:45:09[22m [36m[1m[vite][22m[39m [90m[2m(client)[22m[39m [32mhmr update [39m[2m/@id/__x00__virtual:/@storybook/builder-vite/vite-app.js[22m
[2m오후 11:45:09[22m [36m[1m[vite][22m[39m [90m[2m(client)[22m[39m [32mhmr update [39m[2m/@id/__x00__virtual:/@storybook/builder-vite/vite-app.js[22m
[2m오후 11:45:09[22m [36m[1m[vite][22m[39m [90m[2m(client)[22m[39m [32mhmr update [39m[2m/@id/__x00__virtual:/@storybook/builder-vite/vite-app.js[22m
[2m오후 11:45:09[22m [36m[1m[vite][22m[39m [90m[2m(client)[22m[39m [32mhmr update [39m[2m/@id/__x00__virtual:/@storybook/builder-vite/vite-app.js[22m
[2m오후 11:45:09[22m [36m[1m[vite][22m[39m [90m[2m(client)[22m[39m [32mhmr update [39m[2m/@id/__x00__virtual:/@storybook/builder-vite/vite-app.js[22m
[2m오후 11:45:09[22m [36m[1m[vite][22m[39m [90m[2m(client)[22m[39m [32mhmr update [39m[2m/@id/__x00__virtual:/@storybook/builder-vite/vite-app.js[22m
[2m오후 11:45:09[22m [36m[1m[vite][22m[39m [90m[2m(client)[22m[39m [32mhmr update [39m[2m/@id/__x00__virtual:/@storybook/builder-vite/vite-app.js[22m
[2m오후 11:45:09[22m [36m[1m[vite][22m[39m [90m[2m(client)[22m[39m [32mhmr update [39m[2m/@id/__x00__virtual:/@storybook/builder-vite/vite-app.js[22m
[2m오후 11:45:09[22m [36m[1m[vite][22m[39m [90m[2m(client)[22m[39m [32mhmr update [39m[2m/@id/__x00__virtual:/@storybook/builder-vite/vite-app.js[22m
[2m오후 11:45:09[22m [36m[1m[vite][22m[39m [90m[2m(client)[22m[39m [32mhmr update [39m[2m/@id/__x00__virtual:/@storybook/builder-vite/vite-app.js[22m
[2m오후 11:45:09[22m [36m[1m[vite][22m[39m [90m[2m(client)[22m[39m [32mhmr update [39m[2m/@id/__x00__virtual:/@storybook/builder-vite/vite-app.js[22m
[2m오후 11:45:09[22m [36m[1m[vite][22m[39m [90m[2m(client)[22m[39m [32mhmr update [39m[2m/@id/__x00__virtual:/@storybook/builder-vite/vite-app.js[22m
[2m오후 11:45:09[22m [36m[1m[vite][22m[39m [90m[2m(client)[22m[39m [32mhmr update [39m[2m/@id/__x00__virtual:/@storybook/builder-vite/vite-app.js[22m
[2m오후 11:45:09[22m [36m[1m[vite][22m[39m [90m[2m(client)[22m[39m [32mhmr update [39m[2m/@id/__x00__virtual:/@storybook/builder-vite/vite-app.js[22m
[2m오후 11:45:09[22m [36m[1m[vite][22m[39m [90m[2m(client)[22m[39m [32mhmr update [39m[2m/@id/__x00__virtual:/@storybook/builder-vite/vite-app.js[22m
[2m오후 11:45:09[22m [36m[1m[vite][22m[39m [90m[2m(client)[22m[39m [32mhmr update [39m[2m/@id/__x00__virtual:/@storybook/builder-vite/vite-app.js[22m
[2m오후 11:45:09[22m [36m[1m[vite][22m[39m [90m[2m(client)[22m[39m [32mhmr update [39m[2m/@id/__x00__virtual:/@storybook/builder-vite/vite-app.js[22m
[2m오후 11:45:09[22m [36m[1m[vite][22m[39m [90m[2m(client)[22m[39m [32mhmr update [39m[2m/@id/__x00__virtual:/@storybook/builder-vite/vite-app.js[22m
[2m오후 11:45:09[22m [36m[1m[vite][22m[39m [90m[2m(client)[22m[39m [32mhmr update [39m[2m/@id/__x00__virtual:/@storybook/builder-vite/vite-app.js[22m
[2m오후 11:45:09[22m [36m[1m[vite][22m[39m [90m[2m(client)[22m[39m [32mhmr update [39m[2m/@id/__x00__virtual:/@storybook/builder-vite/vite-app.js[22m
[2m오후 11:45:09[22m [36m[1m[vite][22m[39m [90m[2m(client)[22m[39m [32mhmr update [39m[2m/@id/__x00__virtual:/@storybook/builder-vite/vite-app.js[22m
[2m오후 11:45:09[22m [36m[1m[vite][22m[39m [90m[2m(client)[22m[39m [32mhmr update [39m[2m/@id/__x00__virtual:/@storybook/builder-vite/vite-app.js[22m
[2m오후 11:45:09[22m [36m[1m[vite][22m[39m [90m[2m(client)[22m[39m [32mhmr update [39m[2m/@id/__x00__virtual:/@storybook/builder-vite/vite-app.js[22m
[2m오후 11:45:09[22m [36m[1m[vite][22m[39m [90m[2m(client)[22m[39m [32mhmr update [39m[2m/@id/__x00__virtual:/@storybook/builder-vite/vite-app.js[22m
[2m오후 11:45:09[22m [36m[1m[vite][22m[39m [90m[2m(client)[22m[39m [32mhmr update [39m[2m/@id/__x00__virtual:/@storybook/builder-vite/vite-app.js[22m
[2m오후 11:45:09[22m [36m[1m[vite][22m[39m [90m[2m(client)[22m[39m [32mhmr update [39m[2m/@id/__x00__virtual:/@storybook/builder-vite/vite-app.js[22m
[2m오후 11:45:09[22m [36m[1m[vite][22m[39m [90m[2m(client)[22m[39m [32mhmr update [39m[2m/@id/__x00__virtual:/@storybook/builder-vite/vite-app.js[22m
[2m오후 11:45:09[22m [36m[1m[vite][22m[39m [90m[2m(client)[22m[39m [32mhmr update [39m[2m/@id/__x00__virtual:/@storybook/builder-vite/vite-app.js[22m
[2m오후 11:45:09[22m [36m[1m[vite][22m[39m [90m[2m(client)[22m[39m [32mhmr update [39m[2m/@id/__x00__virtual:/@storybook/builder-vite/vite-app.js[22m
[2m오후 11:45:09[22m [36m[1m[vite][22m[39m [90m[2m(client)[22m[39m [32mhmr update [39m[2m/@id/__x00__virtual:/@storybook/builder-vite/vite-app.js[22m
[2m오후 11:45:09[22m [36m[1m[vite][22m[39m [90m[2m(client)[22m[39m [32mhmr update [39m[2m/@id/__x00__virtual:/@storybook/builder-vite/vite-app.js[22m
[2m오후 11:45:09[22m [36m[1m[vite][22m[39m [90m[2m(client)[22m[39m [32mhmr update [39m[2m/@id/__x00__virtual:/@storybook/builder-vite/vite-app.js[22m
[2m오후 11:45:09[22m [36m[1m[vite][22m[39m [90m[2m(client)[22m[39m [32mhmr update [39m[2m/@id/__x00__virtual:/@storybook/builder-vite/vite-app.js[22m
[2m오후 11:45:09[22m [36m[1m[vite][22m[39m [90m[2m(client)[22m[39m [32mhmr update [39m[2m/@id/__x00__virtual:/@storybook/builder-vite/vite-app.js[22m
[2m오후 11:45:09[22m [36m[1m[vite][22m[39m [90m[2m(client)[22m[39m [32mhmr update [39m[2m/@id/__x00__virtual:/@storybook/builder-vite/vite-app.js[22m
[2m오후 11:45:09[22m [36m[1m[vite][22m[39m [90m[2m(client)[22m[39m [32mhmr update [39m[2m/@id/__x00__virtual:/@storybook/builder-vite/vite-app.js[22m
[2m오후 11:45:09[22m [36m[1m[vite][22m[39m [90m[2m(client)[22m[39m [32mhmr update [39m[2m/@id/__x00__virtual:/@storybook/builder-vite/vite-app.js[22m
[2m오후 11:45:09[22m [36m[1m[vite][22m[39m [90m[2m(client)[22m[39m [32mhmr update [39m[2m/@id/__x00__virtual:/@storybook/builder-vite/vite-app.js[22m
[2m오후 11:45:09[22m [36m[1m[vite][22m[39m [90m[2m(client)[22m[39m [32mhmr update [39m[2m/@id/__x00__virtual:/@storybook/builder-vite/vite-app.js[22m
[2m오후 11:45:09[22m [36m[1m[vite][22m[39m [90m[2m(client)[22m[39m [32mhmr update [39m[2m/@id/__x00__virtual:/@storybook/builder-vite/vite-app.js[22m
[2m오후 11:45:09[22m [36m[1m[vite][22m[39m [90m[2m(client)[22m[39m [32mhmr update [39m[2m/@id/__x00__virtual:/@storybook/builder-vite/vite-app.js[22m
[2m오후 11:45:09[22m [36m[1m[vite][22m[39m [90m[2m(client)[22m[39m [32mhmr update [39m[2m/@id/__x00__virtual:/@storybook/builder-vite/vite-app.js[22m
[2m오후 11:45:09[22m [36m[1m[vite][22m[39m [90m[2m(client)[22m[39m [32mhmr update [39m[2m/@id/__x00__virtual:/@storybook/builder-vite/vite-app.js[22m
[2m오후 11:45:09[22m [36m[1m[vite][22m[39m [90m[2m(client)[22m[39m [32mhmr update [39m[2m/@id/__x00__virtual:/@storybook/builder-vite/vite-app.js[22m
[2m오후 11:45:09[22m [36m[1m[vite][22m[39m [90m[2m(client)[22m[39m [32mhmr update [39m[2m/@id/__x00__virtual:/@storybook/builder-vite/vite-app.js[22m
[2m오후 11:45:09[22m [36m[1m[vite][22m[39m [90m[2m(client)[22m[39m [32mhmr update [39m[2m/@id/__x00__virtual:/@storybook/builder-vite/vite-app.js[22m
[2m오후 11:45:09[22m [36m[1m[vite][22m[39m [90m[2m(client)[22m[39m [32mhmr update [39m[2m/@id/__x00__virtual:/@storybook/builder-vite/vite-app.js[22m
[2m오후 11:45:09[22m [36m[1m[vite][22m[39m [90m[2m(client)[22m[39m [32mhmr update [39m[2m/@id/__x00__virtual:/@storybook/builder-vite/vite-app.js[22m
[2m오후 11:45:09[22m [36m[1m[vite][22m[39m [90m[2m(client)[22m[39m [32mhmr update [39m[2m/@id/__x00__virtual:/@storybook/builder-vite/vite-app.js[22m
[2m오후 11:45:09[22m [36m[1m[vite][22m[39m [90m[2m(client)[22m[39m [32mhmr update [39m[2m/@id/__x00__virtual:/@storybook/builder-vite/vite-app.js[22m
[2m오후 11:45:09[22m [36m[1m[vite][22m[39m [90m[2m(client)[22m[39m [32mhmr update [39m[2m/@id/__x00__virtual:/@storybook/builder-vite/vite-app.js[22m
[2m오후 11:45:09[22m [36m[1m[vite][22m[39m [90m[2m(client)[22m[39m [32mhmr update [39m[2m/@id/__x00__virtual:/@storybook/builder-vite/vite-app.js[22m
[2m오후 11:45:09[22m [36m[1m[vite][22m[39m [90m[2m(client)[22m[39m [32mhmr update [39m[2m/@id/__x00__virtual:/@storybook/builder-vite/vite-app.js[22m
[2m오후 11:45:09[22m [36m[1m[vite][22m[39m [90m[2m(client)[22m[39m [32mhmr update [39m[2m/@id/__x00__virtual:/@storybook/builder-vite/vite-app.js[22m
[2m오후 11:45:09[22m [36m[1m[vite][22m[39m [90m[2m(client)[22m[39m [32mhmr update [39m[2m/@id/__x00__virtual:/@storybook/builder-vite/vite-app.js[22m
[2m오후 11:45:09[22m [36m[1m[vite][22m[39m [90m[2m(client)[22m[39m [32mhmr update [39m[2m/@id/__x00__virtual:/@storybook/builder-vite/vite-app.js[22m
[2m오후 11:45:09[22m [36m[1m[vite][22m[39m [90m[2m(client)[22m[39m [32mhmr update [39m[2m/@id/__x00__virtual:/@storybook/builder-vite/vite-app.js[22m
[2m오후 11:45:09[22m [36m[1m[vite][22m[39m [90m[2m(client)[22m[39m [32mhmr update [39m[2m/@id/__x00__virtual:/@storybook/builder-vite/vite-app.js[22m
[2m오후 11:45:09[22m [36m[1m[vite][22m[39m [90m[2m(client)[22m[39m [32mhmr update [39m[2m/@id/__x00__virtual:/@storybook/builder-vite/vite-app.js[22m
[2m오후 11:45:09[22m [36m[1m[vite][22m[39m [90m[2m(client)[22m[39m [32mhmr update [39m[2m/@id/__x00__virtual:/@storybook/builder-vite/vite-app.js[22m
[2m오후 11:45:09[22m [36m[1m[vite][22m[39m [90m[2m(client)[22m[39m [32mhmr update [39m[2m/@id/__x00__virtual:/@storybook/builder-vite/vite-app.js[22m
[2m오후 11:45:09[22m [36m[1m[vite][22m[39m [90m[2m(client)[22m[39m [32mhmr update [39m[2m/@id/__x00__virtual:/@storybook/builder-vite/vite-app.js[22m
[2m오후 11:45:09[22m [36m[1m[vite][22m[39m [90m[2m(client)[22m[39m [32mhmr update [39m[2m/@id/__x00__virtual:/@storybook/builder-vite/vite-app.js[22m
[2m오후 11:45:09[22m [36m[1m[vite][22m[39m [90m[2m(client)[22m[39m [32mhmr update [39m[2m/@id/__x00__virtual:/@storybook/builder-vite/vite-app.js[22m
[2m오후 11:45:09[22m [36m[1m[vite][22m[39m [90m[2m(client)[22m[39m [32mhmr update [39m[2m/@id/__x00__virtual:/@storybook/builder-vite/vite-app.js[22m
[2m오후 11:45:09[22m [36m[1m[vite][22m[39m [90m[2m(client)[22m[39m [32mhmr update [39m[2m/@id/__x00__virtual:/@storybook/builder-vite/vite-app.js[22m
[2m오후 11:45:09[22m [36m[1m[vite][22m[39m [90m[2m(client)[22m[39m [32mhmr update [39m[2m/@id/__x00__virtual:/@storybook/builder-vite/vite-app.js[22m
[2m오후 11:45:09[22m [36m[1m[vite][22m[39m [90m[2m(client)[22m[39m [32mhmr update [39m[2m/@id/__x00__virtual:/@storybook/builder-vite/vite-app.js[22m
[2m오후 11:45:09[22m [36m[1m[vite][22m[39m [90m[2m(client)[22m[39m [32mhmr update [39m[2m/@id/__x00__virtual:/@storybook/builder-vite/vite-app.js[22m
[2m오후 11:45:09[22m [36m[1m[vite][22m[39m [90m[2m(client)[22m[39m [32mhmr update [39m[2m/@id/__x00__virtual:/@storybook/builder-vite/vite-app.js[22m
[2m오후 11:45:09[22m [36m[1m[vite][22m[39m [90m[2m(client)[22m[39m [32mhmr update [39m[2m/@id/__x00__virtual:/@storybook/builder-vite/vite-app.js[22m
[2m오후 11:45:09[22m [36m[1m[vite][22m[39m [90m[2m(client)[22m[39m [32mhmr update [39m[2m/@id/__x00__virtual:/@storybook/builder-vite/vite-app.js[22m
[2m오후 11:45:09[22m [36m[1m[vite][22m[39m [90m[2m(client)[22m[39m [32mhmr update [39m[2m/@id/__x00__virtual:/@storybook/builder-vite/vite-app.js[22m
[2m오후 11:45:09[22m [36m[1m[vite][22m[39m [90m[2m(client)[22m[39m [32mhmr update [39m[2m/@id/__x00__virtual:/@storybook/builder-vite/vite-app.js[22m
[2m오후 11:45:09[22m [36m[1m[vite][22m[39m [90m[2m(client)[22m[39m [32mhmr update [39m[2m/@id/__x00__virtual:/@storybook/builder-vite/vite-app.js[22m
[2m오후 11:45:09[22m [36m[1m[vite][22m[39m [90m[2m(client)[22m[39m [32mhmr update [39m[2m/@id/__x00__virtual:/@storybook/builder-vite/vite-app.js[22m
[2m오후 11:45:09[22m [36m[1m[vite][22m[39m [90m[2m(client)[22m[39m [32mhmr update [39m[2m/@id/__x00__virtual:/@storybook/builder-vite/vite-app.js[22m
[2m오후 11:45:09[22m [36m[1m[vite][22m[39m [90m[2m(client)[22m[39m [32mhmr update [39m[2m/@id/__x00__virtual:/@storybook/builder-vite/vite-app.js[22m
[2m오후 11:45:09[22m [36m[1m[vite][22m[39m [90m[2m(client)[22m[39m [32mhmr update [39m[2m/@id/__x00__virtual:/@storybook/builder-vite/vite-app.js[22m
[2m오후 11:45:09[22m [36m[1m[vite][22m[39m [90m[2m(client)[22m[39m [32mhmr update [39m[2m/@id/__x00__virtual:/@storybook/builder-vite/vite-app.js[22m
[2m오후 11:45:09[22m [36m[1m[vite][22m[39m [90m[2m(client)[22m[39m [32mhmr update [39m[2m/@id/__x00__virtual:/@storybook/builder-vite/vite-app.js[22m
[2m오후 11:45:09[22m [36m[1m[vite][22m[39m [90m[2m(client)[22m[39m [32mhmr update [39m[2m/@id/__x00__virtual:/@storybook/builder-vite/vite-app.js[22m
[2m오후 11:45:09[22m [36m[1m[vite][22m[39m [90m[2m(client)[22m[39m [32mhmr update [39m[2m/@id/__x00__virtual:/@storybook/builder-vite/vite-app.js[22m
[2m오후 11:45:09[22m [36m[1m[vite][22m[39m [90m[2m(client)[22m[39m [32mhmr update [39m[2m/@id/__x00__virtual:/@storybook/builder-vite/vite-app.js[22m
[2m오후 11:45:09[22m [36m[1m[vite][22m[39m [90m[2m(client)[22m[39m [32mpage reload [39m[2mC:/Users/MSI/Documents/lds_ws/lk-design-system/packages/core/dist/chunk-XN4RZ5ET.js[22m
[2m오후 11:45:09[22m [36m[1m[vite][22m[39m [90m[2m(client)[22m[39m [32mpage reload [39m[2mC:/Users/MSI/Documents/lds_ws/lk-design-system/packages/core/dist/chunk-XSX43JSE.js[22m
[2m오후 11:45:09[22m [36m[1m[vite][22m[39m [90m[2m(client)[22m[39m [32mhmr update [39m[2m/@id/__x00__virtual:/@storybook/builder-vite/vite-app.js[22m
[2m오후 11:45:09[22m [36m[1m[vite][22m[39m [90m[2m(client)[22m[39m [32mhmr update [39m[2m/@id/__x00__virtual:/@storybook/builder-vite/vite-app.js[22m
[2m오후 11:45:09[22m [36m[1m[vite][22m[39m [90m[2m(client)[22m[39m [32mhmr update [39m[2m/@id/__x00__virtual:/@storybook/builder-vite/vite-app.js[22m
[2m오후 11:45:09[22m [36m[1m[vite][22m[39m [90m[2m(client)[22m[39m [32mpage reload [39m[2mC:/Users/MSI/Documents/lds_ws/lk-design-system/packages/core/dist/chunk-Y2SFLMBU.js[22m
[2m오후 11:45:09[22m [36m[1m[vite][22m[39m [90m[2m(client)[22m[39m [32mpage reload [39m[2mC:/Users/MSI/Documents/lds_ws/lk-design-system/packages/core/dist/chunk-YRINARDR.js[22m
[2m오후 11:45:09[22m [36m[1m[vite][22m[39m [90m[2m(client)[22m[39m [32mhmr update [39m[2m/@id/__x00__virtual:/@storybook/builder-vite/vite-app.js[22m
[2m오후 11:45:09[22m [36m[1m[vite][22m[39m [90m[2m(client)[22m[39m [32mhmr update [39m[2m/@id/__x00__virtual:/@storybook/builder-vite/vite-app.js[22m
[2m오후 11:45:09[22m [36m[1m[vite][22m[39m [90m[2m(client)[22m[39m [32mhmr update [39m[2m/@id/__x00__virtual:/@storybook/builder-vite/vite-app.js[22m
[2m오후 11:45:09[22m [36m[1m[vite][22m[39m [90m[2m(client)[22m[39m [32mhmr update [39m[2m/@id/__x00__virtual:/@storybook/builder-vite/vite-app.js[22m
[2m오후 11:45:09[22m [36m[1m[vite][22m[39m [90m[2m(client)[22m[39m [32mhmr update [39m[2m/@id/__x00__virtual:/@storybook/builder-vite/vite-app.js[22m
[2m오후 11:45:09[22m [36m[1m[vite][22m[39m [90m[2m(client)[22m[39m [32mhmr update [39m[2m/@id/__x00__virtual:/@storybook/builder-vite/vite-app.js[22m
[2m오후 11:45:09[22m [36m[1m[vite][22m[39m [90m[2m(client)[22m[39m [32mhmr update [39m[2m/@id/__x00__virtual:/@storybook/builder-vite/vite-app.js[22m
[2m오후 11:45:09[22m [36m[1m[vite][22m[39m [90m[2m(client)[22m[39m [32mhmr update [39m[2m/@id/__x00__virtual:/@storybook/builder-vite/vite-app.js[22m
[2m오후 11:45:09[22m [36m[1m[vite][22m[39m [90m[2m(client)[22m[39m [32mhmr update [39m[2m/@id/__x00__virtual:/@storybook/builder-vite/vite-app.js[22m
[2m오후 11:45:09[22m [36m[1m[vite][22m[39m [90m[2m(client)[22m[39m [32mhmr update [39m[2m/@id/__x00__virtual:/@storybook/builder-vite/vite-app.js[22m
[2m오후 11:45:09[22m [36m[1m[vite][22m[39m [90m[2m(client)[22m[39m [32mhmr update [39m[2m/@id/__x00__virtual:/@storybook/builder-vite/vite-app.js[22m
[2m오후 11:45:09[22m [36m[1m[vite][22m[39m [90m[2m(client)[22m[39m [32mhmr update [39m[2m/@id/__x00__virtual:/@storybook/builder-vite/vite-app.js[22m
[2m오후 11:45:09[22m [36m[1m[vite][22m[39m [90m[2m(client)[22m[39m [32mhmr update [39m[2m/@id/__x00__virtual:/@storybook/builder-vite/vite-app.js[22m
[2m오후 11:45:09[22m [36m[1m[vite][22m[39m [90m[2m(client)[22m[39m [32mhmr update [39m[2m/@id/__x00__virtual:/@storybook/builder-vite/vite-app.js[22m
[2m오후 11:45:09[22m [36m[1m[vite][22m[39m [90m[2m(client)[22m[39m [32mhmr update [39m[2m/@id/__x00__virtual:/@storybook/builder-vite/vite-app.js[22m
[2m오후 11:45:09[22m [36m[1m[vite][22m[39m [90m[2m(client)[22m[39m [32mhmr update [39m[2m/@id/__x00__virtual:/@storybook/builder-vite/vite-app.js[22m
[2m오후 11:45:09[22m [36m[1m[vite][22m[39m [90m[2m(client)[22m[39m [32mhmr update [39m[2m/@id/__x00__virtual:/@storybook/builder-vite/vite-app.js[22m
[2m오후 11:45:09[22m [36m[1m[vite][22m[39m [90m[2m(client)[22m[39m [32mhmr update [39m[2m/@id/__x00__virtual:/@storybook/builder-vite/vite-app.js[22m
[2m오후 11:45:09[22m [36m[1m[vite][22m[39m [90m[2m(client)[22m[39m [32mhmr update [39m[2m/@id/__x00__virtual:/@storybook/builder-vite/vite-app.js[22m
[2m오후 11:45:09[22m [36m[1m[vite][22m[39m [90m[2m(client)[22m[39m [32mhmr update [39m[2m/@id/__x00__virtual:/@storybook/builder-vite/vite-app.js[22m
[2m오후 11:45:09[22m [36m[1m[vite][22m[39m [90m[2m(client)[22m[39m [32mhmr update [39m[2m/@id/__x00__virtual:/@storybook/builder-vite/vite-app.js[22m
[2m오후 11:45:09[22m [36m[1m[vite][22m[39m [90m[2m(client)[22m[39m [32mhmr update [39m[2m/@id/__x00__virtual:/@storybook/builder-vite/vite-app.js[22m
[2m오후 11:45:09[22m [36m[1m[vite][22m[39m [90m[2m(client)[22m[39m [32mhmr update [39m[2m/@id/__x00__virtual:/@storybook/builder-vite/vite-app.js[22m
[2m오후 11:45:09[22m [36m[1m[vite][22m[39m [90m[2m(client)[22m[39m [32mhmr update [39m[2m/@id/__x00__virtual:/@storybook/builder-vite/vite-app.js[22m
[2m오후 11:45:09[22m [36m[1m[vite][22m[39m [90m[2m(client)[22m[39m [32mhmr update [39m[2m/@id/__x00__virtual:/@storybook/builder-vite/vite-app.js[22m
[2m오후 11:45:09[22m [36m[1m[vite][22m[39m [90m[2m(client)[22m[39m [32mhmr update [39m[2m/@id/__x00__virtual:/@storybook/builder-vite/vite-app.js[22m
[2m오후 11:45:09[22m [36m[1m[vite][22m[39m [90m[2m(client)[22m[39m [32mhmr update [39m[2m/@id/__x00__virtual:/@storybook/builder-vite/vite-app.js[22m
[2m오후 11:45:09[22m [36m[1m[vite][22m[39m [90m[2m(client)[22m[39m [32mhmr update [39m[2m/@id/__x00__virtual:/@storybook/builder-vite/vite-app.js[22m
[2m오후 11:45:09[22m [36m[1m[vite][22m[39m [90m[2m(client)[22m[39m [32mhmr update [39m[2m/@id/__x00__virtual:/@storybook/builder-vite/vite-app.js[22m
[2m오후 11:45:09[22m [36m[1m[vite][22m[39m [90m[2m(client)[22m[39m [32mhmr update [39m[2m/@id/__x00__virtual:/@storybook/builder-vite/vite-app.js[22m
[2m오후 11:45:09[22m [36m[1m[vite][22m[39m [90m[2m(client)[22m[39m [32mhmr update [39m[2m/@id/__x00__virtual:/@storybook/builder-vite/vite-app.js[22m
[2m오후 11:45:09[22m [36m[1m[vite][22m[39m [90m[2m(client)[22m[39m [32mhmr update [39m[2m/@id/__x00__virtual:/@storybook/builder-vite/vite-app.js[22m
[2m오후 11:45:09[22m [36m[1m[vite][22m[39m [90m[2m(client)[22m[39m [32mhmr update [39m[2m/@id/__x00__virtual:/@storybook/builder-vite/vite-app.js[22m
[2m오후 11:45:09[22m [36m[1m[vite][22m[39m [90m[2m(client)[22m[39m [32mhmr update [39m[2m/@id/__x00__virtual:/@storybook/builder-vite/vite-app.js[22m
[2m오후 11:45:09[22m [36m[1m[vite][22m[39m [90m[2m(client)[22m[39m [32mpage reload [39m[2mC:/Users/MSI/Documents/lds_ws/lk-design-system/packages/core/dist/chunk-SKT4NDEU.js[22m
[2m오후 11:45:09[22m [36m[1m[vite][22m[39m [90m[2m(client)[22m[39m [32mpage reload [39m[2mC:/Users/MSI/Documents/lds_ws/lk-design-system/packages/core/dist/chunk-44CXNPMX.js[22m
[2m오후 11:45:09[22m [36m[1m[vite][22m[39m [90m[2m(client)[22m[39m [32mpage reload [39m[2mC:/Users/MSI/Documents/lds_ws/lk-design-system/packages/core/dist/chunk-FWHOAPJI.js[22m
[2m오후 11:45:09[22m [36m[1m[vite][22m[39m [90m[2m(client)[22m[39m [32mpage reload [39m[2mC:/Users/MSI/Documents/lds_ws/lk-design-system/packages/core/dist/chunk-2ZQEGDYM.js[22m
[2m오후 11:45:09[22m [36m[1m[vite][22m[39m [90m[2m(client)[22m[39m [32mpage reload [39m[2mC:/Users/MSI/Documents/lds_ws/lk-design-system/packages/core/dist/chunk-NX3TU4G4.js[22m
[2m오후 11:45:09[22m [36m[1m[vite][22m[39m [90m[2m(client)[22m[39m [32mpage reload [39m[2mC:/Users/MSI/Documents/lds_ws/lk-design-system/packages/core/dist/chunk-3SYW6PBT.js[22m
[2m오후 11:45:09[22m [36m[1m[vite][22m[39m [90m[2m(client)[22m[39m [32mpage reload [39m[2mC:/Users/MSI/Documents/lds_ws/lk-design-system/packages/core/dist/chunk-OACAKPKO.js[22m
[2m오후 11:45:09[22m [36m[1m[vite][22m[39m [90m[2m(client)[22m[39m [32mpage reload [39m[2mC:/Users/MSI/Documents/lds_ws/lk-design-system/packages/core/dist/chunk-V7S7GS3Q.js[22m
[2m오후 11:45:09[22m [36m[1m[vite][22m[39m [90m[2m(client)[22m[39m [32mhmr update [39m[2m/@id/__x00__virtual:/@storybook/builder-vite/vite-app.js[22m
[2m오후 11:45:09[22m [36m[1m[vite][22m[39m [90m[2m(client)[22m[39m [32mhmr update [39m[2m/@id/__x00__virtual:/@storybook/builder-vite/vite-app.js[22m
[2m오후 11:45:09[22m [36m[1m[vite][22m[39m [90m[2m(client)[22m[39m [32mhmr update [39m[2m/@id/__x00__virtual:/@storybook/builder-vite/vite-app.js[22m
[2m오후 11:45:09[22m [36m[1m[vite][22m[39m [90m[2m(client)[22m[39m [32mhmr update [39m[2m/@id/__x00__virtual:/@storybook/builder-vite/vite-app.js[22m
[2m오후 11:45:09[22m [36m[1m[vite][22m[39m [90m[2m(client)[22m[39m [32mpage reload [39m[2mC:/Users/MSI/Documents/lds_ws/lk-design-system/packages/core/dist/chunk-CN2QJHBP.js[22m
[2m오후 11:45:09[22m [36m[1m[vite][22m[39m [90m[2m(client)[22m[39m [32mpage reload [39m[2mC:/Users/MSI/Documents/lds_ws/lk-design-system/packages/core/dist/chunk-ADDLP6BM.js[22m
[2m오후 11:45:09[22m [36m[1m[vite][22m[39m [90m[2m(client)[22m[39m [32mpage reload [39m[2mC:/Users/MSI/Documents/lds_ws/lk-design-system/packages/core/dist/chunk-2QK3LAMG.js[22m
[2m오후 11:45:09[22m [36m[1m[vite][22m[39m [90m[2m(client)[22m[39m [32mpage reload [39m[2mC:/Users/MSI/Documents/lds_ws/lk-design-system/packages/core/dist/chunk-BXGCTXJX.js[22m
[2m오후 11:45:09[22m [36m[1m[vite][22m[39m [90m[2m(client)[22m[39m [32mpage reload [39m[2mC:/Users/MSI/Documents/lds_ws/lk-design-system/packages/core/dist/chunk-YIQWJFOG.js[22m
[2m오후 11:45:09[22m [36m[1m[vite][22m[39m [90m[2m(client)[22m[39m [32mpage reload [39m[2mC:/Users/MSI/Documents/lds_ws/lk-design-system/packages/core/dist/chunk-MODD6NXA.js[22m
[2m오후 11:45:09[22m [36m[1m[vite][22m[39m [90m[2m(client)[22m[39m [32mpage reload [39m[2mC:/Users/MSI/Documents/lds_ws/lk-design-system/packages/core/dist/chunk-LAPUFFHF.js[22m
[2m오후 11:45:09[22m [36m[1m[vite][22m[39m [90m[2m(client)[22m[39m [32mpage reload [39m[2mC:/Users/MSI/Documents/lds_ws/lk-design-system/packages/core/dist/chunk-5WWAHFUC.js[22m
[2m오후 11:45:09[22m [36m[1m[vite][22m[39m [90m[2m(client)[22m[39m [32mpage reload [39m[2mC:/Users/MSI/Documents/lds_ws/lk-design-system/packages/core/dist/chunk-6ELDU37X.js[22m
[2m오후 11:45:09[22m [36m[1m[vite][22m[39m [90m[2m(client)[22m[39m [32mpage reload [39m[2mC:/Users/MSI/Documents/lds_ws/lk-design-system/packages/core/dist/chunk-WWE47EYM.js[22m
[2m오후 11:45:09[22m [36m[1m[vite][22m[39m [90m[2m(client)[22m[39m [32mpage reload [39m[2mC:/Users/MSI/Documents/lds_ws/lk-design-system/packages/core/dist/chunk-VF5BIKHQ.js[22m
[2m오후 11:45:09[22m [36m[1m[vite][22m[39m [90m[2m(client)[22m[39m [32mhmr update [39m[2m/@id/__x00__virtual:/@storybook/builder-vite/vite-app.js[22m
[2m오후 11:45:09[22m [36m[1m[vite][22m[39m [90m[2m(client)[22m[39m [32mhmr update [39m[2m/@id/__x00__virtual:/@storybook/builder-vite/vite-app.js[22m
[2m오후 11:45:09[22m [36m[1m[vite][22m[39m [90m[2m(client)[22m[39m [32mhmr update [39m[2m/@id/__x00__virtual:/@storybook/builder-vite/vite-app.js[22m
[2m오후 11:45:09[22m [36m[1m[vite][22m[39m [90m[2m(client)[22m[39m [32mhmr update [39m[2m/@id/__x00__virtual:/@storybook/builder-vite/vite-app.js[22m
[2m오후 11:45:09[22m [36m[1m[vite][22m[39m [90m[2m(client)[22m[39m [32mhmr update [39m[2m/@id/__x00__virtual:/@storybook/builder-vite/vite-app.js[22m
[2m오후 11:45:09[22m [36m[1m[vite][22m[39m [90m[2m(client)[22m[39m [32mpage reload [39m[2mC:/Users/MSI/Documents/lds_ws/lk-design-system/packages/core/dist/chunk-6CNN7J3G.js[22m
[2m오후 11:45:09[22m [36m[1m[vite][22m[39m [90m[2m(client)[22m[39m [32mpage reload [39m[2mC:/Users/MSI/Documents/lds_ws/lk-design-system/packages/core/dist/chunk-IC45UUNZ.js[22m
[2m오후 11:45:09[22m [36m[1m[vite][22m[39m [90m[2m(client)[22m[39m [32mpage reload [39m[2mC:/Users/MSI/Documents/lds_ws/lk-design-system/packages/core/dist/chunk-WDNFJ372.js[22m
[2m오후 11:45:09[22m [36m[1m[vite][22m[39m [90m[2m(client)[22m[39m [32mpage reload [39m[2mC:/Users/MSI/Documents/lds_ws/lk-design-system/packages/core/dist/chunk-24ORA7K7.js[22m
[2m오후 11:45:09[22m [36m[1m[vite][22m[39m [90m[2m(client)[22m[39m [32mpage reload [39m[2mC:/Users/MSI/Documents/lds_ws/lk-design-system/packages/core/dist/chunk-M62B2ZNQ.js[22m
[2m오후 11:45:09[22m [36m[1m[vite][22m[39m [90m[2m(client)[22m[39m [32mpage reload [39m[2mC:/Users/MSI/Documents/lds_ws/lk-design-system/packages/core/dist/chunk-44OFG2SM.js[22m
[2m오후 11:45:09[22m [36m[1m[vite][22m[39m [90m[2m(client)[22m[39m [32mpage reload [39m[2mC:/Users/MSI/Documents/lds_ws/lk-design-system/packages/core/dist/chunk-PFS7VFRK.js[22m
[2m오후 11:45:09[22m [36m[1m[vite][22m[39m [90m[2m(client)[22m[39m [32mpage reload [39m[2mC:/Users/MSI/Documents/lds_ws/lk-design-system/packages/core/dist/chunk-PR2QBZED.js[22m
[2m오후 11:45:09[22m [36m[1m[vite][22m[39m [90m[2m(client)[22m[39m [32mpage reload [39m[2mC:/Users/MSI/Documents/lds_ws/lk-design-system/packages/core/dist/chunk-6U3HDUNE.js[22m
[2m오후 11:45:09[22m [36m[1m[vite][22m[39m [90m[2m(client)[22m[39m [32mpage reload [39m[2mC:/Users/MSI/Documents/lds_ws/lk-design-system/packages/core/dist/chunk-F72DWVHV.js[22m
[2m오후 11:45:09[22m [36m[1m[vite][22m[39m [90m[2m(client)[22m[39m [32mpage reload [39m[2mC:/Users/MSI/Documents/lds_ws/lk-design-system/packages/core/dist/chunk-NO3DAHZJ.js[22m
[2m오후 11:45:09[22m [36m[1m[vite][22m[39m [90m[2m(client)[22m[39m [32mpage reload [39m[2mC:/Users/MSI/Documents/lds_ws/lk-design-system/packages/core/dist/chunk-GKHJTRLN.js[22m
[2m오후 11:45:09[22m [36m[1m[vite][22m[39m [90m[2m(client)[22m[39m [32mpage reload [39m[2mC:/Users/MSI/Documents/lds_ws/lk-design-system/packages/core/dist/chunk-QJK4IP35.js[22m
[2m오후 11:45:09[22m [36m[1m[vite][22m[39m [90m[2m(client)[22m[39m [32mpage reload [39m[2mC:/Users/MSI/Documents/lds_ws/lk-design-system/packages/core/dist/chunk-QEFMLEJK.js[22m
[2m오후 11:45:09[22m [36m[1m[vite][22m[39m [90m[2m(client)[22m[39m [32mpage reload [39m[2mC:/Users/MSI/Documents/lds_ws/lk-design-system/packages/core/dist/chunk-UNI3MQ4S.js[22m
[2m오후 11:45:09[22m [36m[1m[vite][22m[39m [90m[2m(client)[22m[39m [32mpage reload [39m[2mC:/Users/MSI/Documents/lds_ws/lk-design-system/packages/core/dist/chunk-FQL3E6QA.js[22m
[2m오후 11:45:09[22m [36m[1m[vite][22m[39m [90m[2m(client)[22m[39m [32mpage reload [39m[2mC:/Users/MSI/Documents/lds_ws/lk-design-system/packages/core/dist/chunk-QVTH6CIZ.js[22m
[2m오후 11:45:09[22m [36m[1m[vite][22m[39m [90m[2m(client)[22m[39m [32mpage reload [39m[2mC:/Users/MSI/Documents/lds_ws/lk-design-system/packages/core/dist/chunk-4KEL6LVF.js[22m
[2m오후 11:45:09[22m [36m[1m[vite][22m[39m [90m[2m(client)[22m[39m [32mpage reload [39m[2mC:/Users/MSI/Documents/lds_ws/lk-design-system/packages/core/dist/chunk-EOVKICU4.js[22m
[2m오후 11:45:09[22m [36m[1m[vite][22m[39m [90m[2m(client)[22m[39m [32mpage reload [39m[2mC:/Users/MSI/Documents/lds_ws/lk-design-system/packages/core/dist/chunk-TR4TYXTD.js[22m
[2m오후 11:45:09[22m [36m[1m[vite][22m[39m [90m[2m(client)[22m[39m [32mpage reload [39m[2mC:/Users/MSI/Documents/lds_ws/lk-design-system/packages/core/dist/chunk-G6LGKUCV.js[22m
[2m오후 11:45:09[22m [36m[1m[vite][22m[39m [90m[2m(client)[22m[39m [32mpage reload [39m[2mC:/Users/MSI/Documents/lds_ws/lk-design-system/packages/core/dist/chunk-5YYTHQDT.js[22m
[2m오후 11:45:09[22m [36m[1m[vite][22m[39m [90m[2m(client)[22m[39m [32mpage reload [39m[2mC:/Users/MSI/Documents/lds_ws/lk-design-system/packages/core/dist/chunk-W5DUMO7Q.js[22m
[2m오후 11:45:09[22m [36m[1m[vite][22m[39m [90m[2m(client)[22m[39m [32mpage reload [39m[2mC:/Users/MSI/Documents/lds_ws/lk-design-system/packages/core/dist/chunk-6OBB3LM7.js[22m
[2m오후 11:45:09[22m [36m[1m[vite][22m[39m [90m[2m(client)[22m[39m [32mhmr update [39m[2m/@id/__x00__virtual:/@storybook/builder-vite/vite-app.js[22m
[2m오후 11:45:09[22m [36m[1m[vite][22m[39m [90m[2m(client)[22m[39m [32mhmr update [39m[2m/@id/__x00__virtual:/@storybook/builder-vite/vite-app.js[22m
[2m오후 11:45:09[22m [36m[1m[vite][22m[39m [90m[2m(client)[22m[39m [32mhmr update [39m[2m/@id/__x00__virtual:/@storybook/builder-vite/vite-app.js[22m
[2m오후 11:45:09[22m [36m[1m[vite][22m[39m [90m[2m(client)[22m[39m [32mhmr update [39m[2m/@id/__x00__virtual:/@storybook/builder-vite/vite-app.js[22m
[2m오후 11:45:09[22m [36m[1m[vite][22m[39m [90m[2m(client)[22m[39m [32mhmr update [39m[2m/@id/__x00__virtual:/@storybook/builder-vite/vite-app.js[22m
[2m오후 11:45:09[22m [36m[1m[vite][22m[39m [90m[2m(client)[22m[39m [32mhmr update [39m[2m/@id/__x00__virtual:/@storybook/builder-vite/vite-app.js[22m
[2m오후 11:45:09[22m [36m[1m[vite][22m[39m [90m[2m(client)[22m[39m [32mhmr update [39m[2m/@id/__x00__virtual:/@storybook/builder-vite/vite-app.js[22m
[2m오후 11:45:09[22m [36m[1m[vite][22m[39m [90m[2m(client)[22m[39m [32mhmr update [39m[2m/@id/__x00__virtual:/@storybook/builder-vite/vite-app.js[22m
[2m오후 11:45:09[22m [36m[1m[vite][22m[39m [90m[2m(client)[22m[39m [32mhmr update [39m[2m/@id/__x00__virtual:/@storybook/builder-vite/vite-app.js[22m
[2m오후 11:45:09[22m [36m[1m[vite][22m[39m [90m[2m(client)[22m[39m [32mpage reload [39m[2mC:/Users/MSI/Documents/lds_ws/lk-design-system/packages/core/dist/chunk-OPIW6AKC.js[22m
[2m오후 11:45:09[22m [36m[1m[vite][22m[39m [90m[2m(client)[22m[39m [32mpage reload [39m[2mC:/Users/MSI/Documents/lds_ws/lk-design-system/packages/core/dist/chunk-B6GPEOJD.js[22m
[2m오후 11:45:09[22m [36m[1m[vite][22m[39m [90m[2m(client)[22m[39m [32mpage reload [39m[2mC:/Users/MSI/Documents/lds_ws/lk-design-system/packages/core/dist/chunk-AHBDWZ6A.js[22m
[2m오후 11:45:09[22m [36m[1m[vite][22m[39m [90m[2m(client)[22m[39m [32mpage reload [39m[2mC:/Users/MSI/Documents/lds_ws/lk-design-system/packages/core/dist/chunk-JPYD55H2.js[22m
[2m오후 11:45:09[22m [36m[1m[vite][22m[39m [90m[2m(client)[22m[39m [32mpage reload [39m[2mC:/Users/MSI/Documents/lds_ws/lk-design-system/packages/core/dist/chunk-4RI7FOTH.js[22m
[2m오후 11:45:09[22m [36m[1m[vite][22m[39m [90m[2m(client)[22m[39m [32mpage reload [39m[2mC:/Users/MSI/Documents/lds_ws/lk-design-system/packages/core/dist/chunk-LVWFEVQA.js[22m
[2m오후 11:45:09[22m [36m[1m[vite][22m[39m [90m[2m(client)[22m[39m [32mpage reload [39m[2mC:/Users/MSI/Documents/lds_ws/lk-design-system/packages/core/dist/chunk-6YAJTY2J.js[22m
[2m오후 11:45:09[22m [36m[1m[vite][22m[39m [90m[2m(client)[22m[39m [32mpage reload [39m[2mC:/Users/MSI/Documents/lds_ws/lk-design-system/packages/core/dist/chunk-CIRMFDJK.js[22m
[2m오후 11:45:09[22m [36m[1m[vite][22m[39m [90m[2m(client)[22m[39m [32mpage reload [39m[2mC:/Users/MSI/Documents/lds_ws/lk-design-system/packages/core/dist/chunk-V5DS3VLV.js[22m
[2m오후 11:45:09[22m [36m[1m[vite][22m[39m [90m[2m(client)[22m[39m [32mpage reload [39m[2mC:/Users/MSI/Documents/lds_ws/lk-design-system/packages/core/dist/chunk-BEHEWEDL.js[22m
[2m오후 11:45:09[22m [36m[1m[vite][22m[39m [90m[2m(client)[22m[39m [32mpage reload [39m[2mC:/Users/MSI/Documents/lds_ws/lk-design-system/packages/core/dist/chunk-S2QN6NWO.js[22m
[2m오후 11:45:09[22m [36m[1m[vite][22m[39m [90m[2m(client)[22m[39m [32mpage reload [39m[2mC:/Users/MSI/Documents/lds_ws/lk-design-system/packages/core/dist/chunk-X47OPQUZ.js[22m
[2m오후 11:45:09[22m [36m[1m[vite][22m[39m [90m[2m(client)[22m[39m [32mpage reload [39m[2mC:/Users/MSI/Documents/lds_ws/lk-design-system/packages/core/dist/chunk-AFU6G6IZ.js[22m
[2m오후 11:45:09[22m [36m[1m[vite][22m[39m [90m[2m(client)[22m[39m [32mpage reload [39m[2mC:/Users/MSI/Documents/lds_ws/lk-design-system/packages/core/dist/chunk-GJ2COPCG.js[22m
[2m오후 11:45:09[22m [36m[1m[vite][22m[39m [90m[2m(client)[22m[39m [32mpage reload [39m[2mC:/Users/MSI/Documents/lds_ws/lk-design-system/packages/core/dist/chunk-WWVKQY22.js[22m
[2m오후 11:45:09[22m [36m[1m[vite][22m[39m [90m[2m(client)[22m[39m [32mpage reload [39m[2mC:/Users/MSI/Documents/lds_ws/lk-design-system/packages/core/dist/chunk-D3IB64A6.js[22m
[2m오후 11:45:09[22m [36m[1m[vite][22m[39m [90m[2m(client)[22m[39m [32mpage reload [39m[2mC:/Users/MSI/Documents/lds_ws/lk-design-system/packages/core/dist/chunk-2UHM22L2.js[22m
[2m오후 11:45:09[22m [36m[1m[vite][22m[39m [90m[2m(client)[22m[39m [32mpage reload [39m[2mC:/Users/MSI/Documents/lds_ws/lk-design-system/packages/core/dist/chunk-ODZ5FCNW.js[22m
[2m오후 11:45:09[22m [36m[1m[vite][22m[39m [90m[2m(client)[22m[39m [32mpage reload [39m[2mC:/Users/MSI/Documents/lds_ws/lk-design-system/packages/core/dist/chunk-QD42XNRW.js[22m
[2m오후 11:45:09[22m [36m[1m[vite][22m[39m [90m[2m(client)[22m[39m [32mpage reload [39m[2mC:/Users/MSI/Documents/lds_ws/lk-design-system/packages/core/dist/chunk-4IBAPO4L.js[22m
[2m오후 11:45:09[22m [36m[1m[vite][22m[39m [90m[2m(client)[22m[39m [32mpage reload [39m[2mC:/Users/MSI/Documents/lds_ws/lk-design-system/packages/core/dist/chunk-USJRD3OL.js[22m
[2m오후 11:45:09[22m [36m[1m[vite][22m[39m [90m[2m(client)[22m[39m [32mpage reload [39m[2mC:/Users/MSI/Documents/lds_ws/lk-design-system/packages/core/dist/chunk-Y2SFLMBU.js[22m
[2m오후 11:45:09[22m [36m[1m[vite][22m[39m [90m[2m(client)[22m[39m [32mpage reload [39m[2mC:/Users/MSI/Documents/lds_ws/lk-design-system/packages/core/dist/chunk-EAU6D6QZ.js[22m
[2m오후 11:45:09[22m [36m[1m[vite][22m[39m [90m[2m(client)[22m[39m [32mpage reload [39m[2mC:/Users/MSI/Documents/lds_ws/lk-design-system/packages/core/dist/chunk-7M4UXSJC.js[22m
[2m오후 11:45:09[22m [36m[1m[vite][22m[39m [90m[2m(client)[22m[39m [32mpage reload [39m[2mC:/Users/MSI/Documents/lds_ws/lk-design-system/packages/core/dist/chunk-XN4RZ5ET.js[22m
[2m오후 11:45:09[22m [36m[1m[vite][22m[39m [90m[2m(client)[22m[39m [32mhmr update [39m[2m/@id/__x00__virtual:/@storybook/builder-vite/vite-app.js[22m
[2m오후 11:45:09[22m [36m[1m[vite][22m[39m [90m[2m(client)[22m[39m [32mhmr update [39m[2m/@id/__x00__virtual:/@storybook/builder-vite/vite-app.js[22m
[2m오후 11:45:09[22m [36m[1m[vite][22m[39m [90m[2m(client)[22m[39m [32mhmr update [39m[2m/@id/__x00__virtual:/@storybook/builder-vite/vite-app.js[22m
[2m오후 11:45:09[22m [36m[1m[vite][22m[39m [90m[2m(client)[22m[39m [32mhmr update [39m[2m/@id/__x00__virtual:/@storybook/builder-vite/vite-app.js[22m
[2m오후 11:45:09[22m [36m[1m[vite][22m[39m [90m[2m(client)[22m[39m [32mpage reload [39m[2mC:/Users/MSI/Documents/lds_ws/lk-design-system/packages/core/dist/chunk-44CXNPMX.js[22m
[2m오후 11:45:09[22m [36m[1m[vite][22m[39m [90m[2m(client)[22m[39m [32mpage reload [39m[2mC:/Users/MSI/Documents/lds_ws/lk-design-system/packages/core/dist/chunk-FWHOAPJI.js[22m
[2m오후 11:45:09[22m [36m[1m[vite][22m[39m [90m[2m(client)[22m[39m [32mpage reload [39m[2mC:/Users/MSI/Documents/lds_ws/lk-design-system/packages/core/dist/chunk-2ZQEGDYM.js[22m
[2m오후 11:45:09[22m [36m[1m[vite][22m[39m [90m[2m(client)[22m[39m [32mpage reload [39m[2mC:/Users/MSI/Documents/lds_ws/lk-design-system/packages/core/dist/chunk-NX3TU4G4.js[22m
[2m오후 11:45:09[22m [36m[1m[vite][22m[39m [90m[2m(client)[22m[39m [32mpage reload [39m[2mC:/Users/MSI/Documents/lds_ws/lk-design-system/packages/core/dist/chunk-3SYW6PBT.js[22m
[2m오후 11:45:09[22m [36m[1m[vite][22m[39m [90m[2m(client)[22m[39m [32mpage reload [39m[2mC:/Users/MSI/Documents/lds_ws/lk-design-system/packages/core/dist/chunk-OACAKPKO.js[22m
[2m오후 11:45:09[22m [36m[1m[vite][22m[39m [90m[2m(client)[22m[39m [32mpage reload [39m[2mC:/Users/MSI/Documents/lds_ws/lk-design-system/packages/core/dist/chunk-V7S7GS3Q.js[22m
[2m오후 11:45:09[22m [36m[1m[vite][22m[39m [90m[2m(client)[22m[39m [32mpage reload [39m[2mC:/Users/MSI/Documents/lds_ws/lk-design-system/packages/core/dist/chunk-CN2QJHBP.js[22m
[2m오후 11:45:09[22m [36m[1m[vite][22m[39m [90m[2m(client)[22m[39m [32mpage reload [39m[2mC:/Users/MSI/Documents/lds_ws/lk-design-system/packages/core/dist/chunk-ADDLP6BM.js[22m
[2m오후 11:45:09[22m [36m[1m[vite][22m[39m [90m[2m(client)[22m[39m [32mpage reload [39m[2mC:/Users/MSI/Documents/lds_ws/lk-design-system/packages/core/dist/chunk-2QK3LAMG.js[22m
[2m오후 11:45:09[22m [36m[1m[vite][22m[39m [90m[2m(client)[22m[39m [32mpage reload [39m[2mC:/Users/MSI/Documents/lds_ws/lk-design-system/packages/core/dist/chunk-BXGCTXJX.js[22m
[2m오후 11:45:09[22m [36m[1m[vite][22m[39m [90m[2m(client)[22m[39m [32mpage reload [39m[2mC:/Users/MSI/Documents/lds_ws/lk-design-system/packages/core/dist/chunk-YIQWJFOG.js[22m
[2m오후 11:45:09[22m [36m[1m[vite][22m[39m [90m[2m(client)[22m[39m [32mpage reload [39m[2mC:/Users/MSI/Documents/lds_ws/lk-design-system/packages/core/dist/chunk-MODD6NXA.js[22m
[2m오후 11:45:09[22m [36m[1m[vite][22m[39m [90m[2m(client)[22m[39m [32mpage reload [39m[2mC:/Users/MSI/Documents/lds_ws/lk-design-system/packages/core/dist/chunk-LAPUFFHF.js[22m
[2m오후 11:45:09[22m [36m[1m[vite][22m[39m [90m[2m(client)[22m[39m [32mpage reload [39m[2mC:/Users/MSI/Documents/lds_ws/lk-design-system/packages/core/dist/chunk-6ELDU37X.js[22m
[2m오후 11:45:09[22m [36m[1m[vite][22m[39m [90m[2m(client)[22m[39m [32mpage reload [39m[2mC:/Users/MSI/Documents/lds_ws/lk-design-system/packages/core/dist/chunk-WWE47EYM.js[22m
[2m오후 11:45:09[22m [36m[1m[vite][22m[39m [90m[2m(client)[22m[39m [32mpage reload [39m[2mC:/Users/MSI/Documents/lds_ws/lk-design-system/packages/core/dist/chunk-VF5BIKHQ.js[22m
[2m오후 11:45:09[22m [36m[1m[vite][22m[39m [90m[2m(client)[22m[39m [32mhmr update [39m[2m/@id/__x00__virtual:/@storybook/builder-vite/vite-app.js[22m
[2m오후 11:45:09[22m [36m[1m[vite][22m[39m [90m[2m(client)[22m[39m [32mpage reload [39m[2mC:/Users/MSI/Documents/lds_ws/lk-design-system/packages/core/dist/chunk-WJN7GSBY.js[22m
[2m오후 11:45:09[22m [36m[1m[vite][22m[39m [90m[2m(client)[22m[39m [32mpage reload [39m[2mC:/Users/MSI/Documents/lds_ws/lk-design-system/packages/core/dist/chunk-YRINARDR.js[22m
[2m오후 11:45:09[22m [36m[1m[vite][22m[39m [90m[2m(client)[22m[39m [32mpage reload [39m[2mC:/Users/MSI/Documents/lds_ws/lk-design-system/packages/core/dist/chunk-JG7L4M23.js[22m
[2m오후 11:45:09[22m [36m[1m[vite][22m[39m [90m[2m(client)[22m[39m [32mpage reload [39m[2mC:/Users/MSI/Documents/lds_ws/lk-design-system/packages/core/dist/chunk-JHUWUWAW.js[22m
[2m오후 11:45:09[22m [36m[1m[vite][22m[39m [90m[2m(client)[22m[39m [32mpage reload [39m[2mC:/Users/MSI/Documents/lds_ws/lk-design-system/packages/core/dist/chunk-U6GEJJ6G.js[22m
[2m오후 11:45:09[22m [36m[1m[vite][22m[39m [90m[2m(client)[22m[39m [32mpage reload [39m[2mC:/Users/MSI/Documents/lds_ws/lk-design-system/packages/core/dist/chunk-26JWL545.js[22m
[2m오후 11:45:09[22m [36m[1m[vite][22m[39m [90m[2m(client)[22m[39m [32mpage reload [39m[2mC:/Users/MSI/Documents/lds_ws/lk-design-system/packages/core/dist/chunk-UI2I2TV5.js[22m
[2m오후 11:45:09[22m [36m[1m[vite][22m[39m [90m[2m(client)[22m[39m [32mpage reload [39m[2mC:/Users/MSI/Documents/lds_ws/lk-design-system/packages/core/dist/chunk-NTECDBQW.js[22m
[2m오후 11:45:09[22m [36m[1m[vite][22m[39m [90m[2m(client)[22m[39m [32mpage reload [39m[2mC:/Users/MSI/Documents/lds_ws/lk-design-system/packages/core/dist/chunk-F7QSUROJ.js[22m
[2m오후 11:45:09[22m [36m[1m[vite][22m[39m [90m[2m(client)[22m[39m [32mpage reload [39m[2mC:/Users/MSI/Documents/lds_ws/lk-design-system/packages/core/dist/chunk-JUTMKT2R.js[22m
[2m오후 11:45:09[22m [36m[1m[vite][22m[39m [90m[2m(client)[22m[39m [32mpage reload [39m[2mC:/Users/MSI/Documents/lds_ws/lk-design-system/packages/core/dist/chunk-OEE3VP5Q.js[22m
[2m오후 11:45:09[22m [36m[1m[vite][22m[39m [90m[2m(client)[22m[39m [32mpage reload [39m[2mC:/Users/MSI/Documents/lds_ws/lk-design-system/packages/core/dist/chunk-XSX43JSE.js[22m
[2m오후 11:45:09[22m [36m[1m[vite][22m[39m [90m[2m(client)[22m[39m [32mpage reload [39m[2mC:/Users/MSI/Documents/lds_ws/lk-design-system/packages/core/dist/chunk-YPIOAYJD.js[22m
[2m오후 11:45:09[22m [36m[1m[vite][22m[39m [90m[2m(client)[22m[39m [32mpage reload [39m[2mC:/Users/MSI/Documents/lds_ws/lk-design-system/packages/core/dist/chunk-4S3NAPS2.js[22m
[2m오후 11:45:09[22m [36m[1m[vite][22m[39m [90m[2m(client)[22m[39m [32mpage reload [39m[2mC:/Users/MSI/Documents/lds_ws/lk-design-system/packages/core/dist/chunk-HRBOQUCC.js[22m
[2m오후 11:45:09[22m [36m[1m[vite][22m[39m [90m[2m(client)[22m[39m [32mpage reload [39m[2mC:/Users/MSI/Documents/lds_ws/lk-design-system/packages/core/dist/chunk-FCOPBODO.js[22m
[2m오후 11:45:09[22m [36m[1m[vite][22m[39m [90m[2m(client)[22m[39m [32mpage reload [39m[2mC:/Users/MSI/Documents/lds_ws/lk-design-system/packages/core/dist/chunk-TCRSTIDV.js[22m
[2m오후 11:45:09[22m [36m[1m[vite][22m[39m [90m[2m(client)[22m[39m [32mpage reload [39m[2mC:/Users/MSI/Documents/lds_ws/lk-design-system/packages/core/dist/chunk-VL2LVV4M.js[22m
[2m오후 11:45:09[22m [36m[1m[vite][22m[39m [90m[2m(client)[22m[39m [32mpage reload [39m[2mC:/Users/MSI/Documents/lds_ws/lk-design-system/packages/core/dist/chunk-CYOC2EZR.js[22m
[2m오후 11:45:09[22m [36m[1m[vite][22m[39m [90m[2m(client)[22m[39m [32mpage reload [39m[2mC:/Users/MSI/Documents/lds_ws/lk-design-system/packages/core/dist/chunk-WAAL2U4T.js[22m
[2m오후 11:45:09[22m [36m[1m[vite][22m[39m [90m[2m(client)[22m[39m [32mpage reload [39m[2mC:/Users/MSI/Documents/lds_ws/lk-design-system/packages/core/dist/chunk-GB3ZM5MF.js[22m
[2m오후 11:45:09[22m [36m[1m[vite][22m[39m [90m[2m(client)[22m[39m [32mpage reload [39m[2mC:/Users/MSI/Documents/lds_ws/lk-design-system/packages/core/dist/chunk-BZYGJB3K.js[22m
[2m오후 11:45:09[22m [36m[1m[vite][22m[39m [90m[2m(client)[22m[39m [32mhmr update [39m[2m/@id/__x00__virtual:/@storybook/builder-vite/vite-app.js[22m
[2m오후 11:45:09[22m [36m[1m[vite][22m[39m [90m[2m(client)[22m[39m [32mpage reload [39m[2mC:/Users/MSI/Documents/lds_ws/lk-design-system/packages/core/dist/chunk-SKT4NDEU.js[22m
[2m오후 11:45:09[22m [36m[1m[vite][22m[39m [90m[2m(client)[22m[39m [32mhmr update [39m[2m/@id/__x00__virtual:/@storybook/builder-vite/vite-app.js[22m
[2m오후 11:45:09[22m [36m[1m[vite][22m[39m [90m[2m(client)[22m[39m [32mhmr update [39m[2m/@id/__x00__virtual:/@storybook/builder-vite/vite-app.js[22m
[2m오후 11:45:09[22m [36m[1m[vite][22m[39m [90m[2m(client)[22m[39m [32mhmr update [39m[2m/@id/__x00__virtual:/@storybook/builder-vite/vite-app.js[22m
[2m오후 11:45:09[22m [36m[1m[vite][22m[39m [90m[2m(client)[22m[39m [32mhmr update [39m[2m/@id/__x00__virtual:/@storybook/builder-vite/vite-app.js[22m
[2m오후 11:45:09[22m [36m[1m[vite][22m[39m [90m[2m(client)[22m[39m [32mhmr update [39m[2m/@id/__x00__virtual:/@storybook/builder-vite/vite-app.js[22m
[2m오후 11:45:09[22m [36m[1m[vite][22m[39m [90m[2m(client)[22m[39m [32mhmr update [39m[2m/@id/__x00__virtual:/@storybook/builder-vite/vite-app.js[22m
[2m오후 11:45:09[22m [36m[1m[vite][22m[39m [90m[2m(client)[22m[39m [32mhmr update [39m[2m/@id/__x00__virtual:/@storybook/builder-vite/vite-app.js[22m
[2m오후 11:45:09[22m [36m[1m[vite][22m[39m [90m[2m(client)[22m[39m [32mhmr update [39m[2m/@id/__x00__virtual:/@storybook/builder-vite/vite-app.js[22m
[2m오후 11:45:09[22m [36m[1m[vite][22m[39m [90m[2m(client)[22m[39m [32mhmr update [39m[2m/@id/__x00__virtual:/@storybook/builder-vite/vite-app.js[22m
[2m오후 11:45:09[22m [36m[1m[vite][22m[39m [90m[2m(client)[22m[39m [32mhmr update [39m[2m/@id/__x00__virtual:/@storybook/builder-vite/vite-app.js[22m
[2m오후 11:45:09[22m [36m[1m[vite][22m[39m [90m[2m(client)[22m[39m [32mhmr update [39m[2m/@id/__x00__virtual:/@storybook/builder-vite/vite-app.js[22m
[2m오후 11:45:09[22m [36m[1m[vite][22m[39m [90m[2m(client)[22m[39m [32mhmr update [39m[2m/@id/__x00__virtual:/@storybook/builder-vite/vite-app.js[22m
[2m오후 11:45:09[22m [36m[1m[vite][22m[39m [90m[2m(client)[22m[39m [32mhmr update [39m[2m/@id/__x00__virtual:/@storybook/builder-vite/vite-app.js[22m
[2m오후 11:45:09[22m [36m[1m[vite][22m[39m [90m[2m(client)[22m[39m [32mhmr update [39m[2m/@id/__x00__virtual:/@storybook/builder-vite/vite-app.js[22m
[2m오후 11:45:09[22m [36m[1m[vite][22m[39m [90m[2m(client)[22m[39m [32mhmr update [39m[2m/@id/__x00__virtual:/@storybook/builder-vite/vite-app.js[22m
[2m오후 11:45:09[22m [36m[1m[vite][22m[39m [90m[2m(client)[22m[39m [32mhmr update [39m[2m/@id/__x00__virtual:/@storybook/builder-vite/vite-app.js[22m
[2m오후 11:45:09[22m [36m[1m[vite][22m[39m [90m[2m(client)[22m[39m [32mpage reload [39m[2mC:/Users/MSI/Documents/lds_ws/lk-design-system/packages/core/dist/chunk-5WWAHFUC.js[22m
[2m오후 11:45:09[22m [36m[1m[vite][22m[39m [90m[2m(client)[22m[39m [32mhmr update [39m[2m/@id/__x00__virtual:/@storybook/builder-vite/vite-app.js[22m
[2m오후 11:45:09[22m [36m[1m[vite][22m[39m [90m[2m(client)[22m[39m [32mpage reload [39m[2mC:/Users/MSI/Documents/lds_ws/lk-design-system/packages/core/dist/chunk-6CNN7J3G.js[22m
[2m오후 11:45:09[22m [36m[1m[vite][22m[39m [90m[2m(client)[22m[39m [32mpage reload [39m[2mC:/Users/MSI/Documents/lds_ws/lk-design-system/packages/core/dist/chunk-IC45UUNZ.js[22m
[2m오후 11:45:09[22m [36m[1m[vite][22m[39m [90m[2m(client)[22m[39m [32mpage reload [39m[2mC:/Users/MSI/Documents/lds_ws/lk-design-system/packages/core/dist/chunk-WDNFJ372.js[22m
[2m오후 11:45:09[22m [36m[1m[vite][22m[39m [90m[2m(client)[22m[39m [32mpage reload [39m[2mC:/Users/MSI/Documents/lds_ws/lk-design-system/packages/core/dist/chunk-24ORA7K7.js[22m
[2m오후 11:45:09[22m [36m[1m[vite][22m[39m [90m[2m(client)[22m[39m [32mpage reload [39m[2mC:/Users/MSI/Documents/lds_ws/lk-design-system/packages/core/dist/chunk-M62B2ZNQ.js[22m
[2m오후 11:45:09[22m [36m[1m[vite][22m[39m [90m[2m(client)[22m[39m [32mpage reload [39m[2mC:/Users/MSI/Documents/lds_ws/lk-design-system/packages/core/dist/chunk-44OFG2SM.js[22m
[2m오후 11:45:09[22m [36m[1m[vite][22m[39m [90m[2m(client)[22m[39m [32mpage reload [39m[2mC:/Users/MSI/Documents/lds_ws/lk-design-system/packages/core/dist/chunk-PFS7VFRK.js[22m
[2m오후 11:45:09[22m [36m[1m[vite][22m[39m [90m[2m(client)[22m[39m [32mpage reload [39m[2mC:/Users/MSI/Documents/lds_ws/lk-design-system/packages/core/dist/chunk-PR2QBZED.js[22m
[2m오후 11:45:09[22m [36m[1m[vite][22m[39m [90m[2m(client)[22m[39m [32mpage reload [39m[2mC:/Users/MSI/Documents/lds_ws/lk-design-system/packages/core/dist/chunk-6U3HDUNE.js[22m
[2m오후 11:45:09[22m [36m[1m[vite][22m[39m [90m[2m(client)[22m[39m [32mpage reload [39m[2mC:/Users/MSI/Documents/lds_ws/lk-design-system/packages/core/dist/chunk-F72DWVHV.js[22m
[2m오후 11:45:09[22m [36m[1m[vite][22m[39m [90m[2m(client)[22m[39m [32mpage reload [39m[2mC:/Users/MSI/Documents/lds_ws/lk-design-system/packages/core/dist/chunk-NO3DAHZJ.js[22m
[2m오후 11:45:09[22m [36m[1m[vite][22m[39m [90m[2m(client)[22m[39m [32mpage reload [39m[2mC:/Users/MSI/Documents/lds_ws/lk-design-system/packages/core/dist/chunk-GKHJTRLN.js[22m
[2m오후 11:45:09[22m [36m[1m[vite][22m[39m [90m[2m(client)[22m[39m [32mpage reload [39m[2mC:/Users/MSI/Documents/lds_ws/lk-design-system/packages/core/dist/chunk-QJK4IP35.js[22m
[2m오후 11:45:09[22m [36m[1m[vite][22m[39m [90m[2m(client)[22m[39m [32mpage reload [39m[2mC:/Users/MSI/Documents/lds_ws/lk-design-system/packages/core/dist/chunk-QEFMLEJK.js[22m
[2m오후 11:45:09[22m [36m[1m[vite][22m[39m [90m[2m(client)[22m[39m [32mpage reload [39m[2mC:/Users/MSI/Documents/lds_ws/lk-design-system/packages/core/dist/chunk-UNI3MQ4S.js[22m
[2m오후 11:45:09[22m [36m[1m[vite][22m[39m [90m[2m(client)[22m[39m [32mpage reload [39m[2mC:/Users/MSI/Documents/lds_ws/lk-design-system/packages/core/dist/chunk-FQL3E6QA.js[22m
[2m오후 11:45:09[22m [36m[1m[vite][22m[39m [90m[2m(client)[22m[39m [32mpage reload [39m[2mC:/Users/MSI/Documents/lds_ws/lk-design-system/packages/core/dist/chunk-QVTH6CIZ.js[22m
[2m오후 11:45:09[22m [36m[1m[vite][22m[39m [90m[2m(client)[22m[39m [32mpage reload [39m[2mC:/Users/MSI/Documents/lds_ws/lk-design-system/packages/core/dist/chunk-4KEL6LVF.js[22m
[2m오후 11:45:09[22m [36m[1m[vite][22m[39m [90m[2m(client)[22m[39m [32mpage reload [39m[2mC:/Users/MSI/Documents/lds_ws/lk-design-system/packages/core/dist/chunk-EOVKICU4.js[22m
[2m오후 11:45:09[22m [36m[1m[vite][22m[39m [90m[2m(client)[22m[39m [32mpage reload [39m[2mC:/Users/MSI/Documents/lds_ws/lk-design-system/packages/core/dist/chunk-TR4TYXTD.js[22m
[2m오후 11:45:09[22m [36m[1m[vite][22m[39m [90m[2m(client)[22m[39m [32mpage reload [39m[2mC:/Users/MSI/Documents/lds_ws/lk-design-system/packages/core/dist/chunk-G6LGKUCV.js[22m
[2m오후 11:45:09[22m [36m[1m[vite][22m[39m [90m[2m(client)[22m[39m [32mpage reload [39m[2mC:/Users/MSI/Documents/lds_ws/lk-design-system/packages/core/dist/chunk-5YYTHQDT.js[22m
[2m오후 11:45:09[22m [36m[1m[vite][22m[39m [90m[2m(client)[22m[39m [32mpage reload [39m[2mC:/Users/MSI/Documents/lds_ws/lk-design-system/packages/core/dist/chunk-W5DUMO7Q.js[22m
[2m오후 11:45:09[22m [36m[1m[vite][22m[39m [90m[2m(client)[22m[39m [32mpage reload [39m[2mC:/Users/MSI/Documents/lds_ws/lk-design-system/packages/core/dist/chunk-6OBB3LM7.js[22m
[2m오후 11:45:09[22m [36m[1m[vite][22m[39m [90m[2m(client)[22m[39m [32mpage reload [39m[2mC:/Users/MSI/Documents/lds_ws/lk-design-system/packages/core/dist/chunk-OPIW6AKC.js[22m
[2m오후 11:45:09[22m [36m[1m[vite][22m[39m [90m[2m(client)[22m[39m [32mpage reload [39m[2mC:/Users/MSI/Documents/lds_ws/lk-design-system/packages/core/dist/chunk-B6GPEOJD.js[22m
[2m오후 11:45:09[22m [36m[1m[vite][22m[39m [90m[2m(client)[22m[39m [32mpage reload [39m[2mC:/Users/MSI/Documents/lds_ws/lk-design-system/packages/core/dist/chunk-AHBDWZ6A.js[22m
[2m오후 11:45:09[22m [36m[1m[vite][22m[39m [90m[2m(client)[22m[39m [32mpage reload [39m[2mC:/Users/MSI/Documents/lds_ws/lk-design-system/packages/core/dist/chunk-JPYD55H2.js[22m
[2m오후 11:45:09[22m [36m[1m[vite][22m[39m [90m[2m(client)[22m[39m [32mpage reload [39m[2mC:/Users/MSI/Documents/lds_ws/lk-design-system/packages/core/dist/chunk-4RI7FOTH.js[22m
[2m오후 11:45:09[22m [36m[1m[vite][22m[39m [90m[2m(client)[22m[39m [32mpage reload [39m[2mC:/Users/MSI/Documents/lds_ws/lk-design-system/packages/core/dist/chunk-LVWFEVQA.js[22m
[2m오후 11:45:09[22m [36m[1m[vite][22m[39m [90m[2m(client)[22m[39m [32mpage reload [39m[2mC:/Users/MSI/Documents/lds_ws/lk-design-system/packages/core/dist/chunk-6YAJTY2J.js[22m
[2m오후 11:45:09[22m [36m[1m[vite][22m[39m [90m[2m(client)[22m[39m [32mpage reload [39m[2mC:/Users/MSI/Documents/lds_ws/lk-design-system/packages/core/dist/chunk-CIRMFDJK.js[22m
[2m오후 11:45:09[22m [36m[1m[vite][22m[39m [90m[2m(client)[22m[39m [32mpage reload [39m[2mC:/Users/MSI/Documents/lds_ws/lk-design-system/packages/core/dist/chunk-V5DS3VLV.js[22m
[2m오후 11:45:09[22m [36m[1m[vite][22m[39m [90m[2m(client)[22m[39m [32mpage reload [39m[2mC:/Users/MSI/Documents/lds_ws/lk-design-system/packages/core/dist/chunk-BEHEWEDL.js[22m
[2m오후 11:45:09[22m [36m[1m[vite][22m[39m [90m[2m(client)[22m[39m [32mpage reload [39m[2mC:/Users/MSI/Documents/lds_ws/lk-design-system/packages/core/dist/chunk-S2QN6NWO.js[22m
[2m오후 11:45:09[22m [36m[1m[vite][22m[39m [90m[2m(client)[22m[39m [32mpage reload [39m[2mC:/Users/MSI/Documents/lds_ws/lk-design-system/packages/core/dist/chunk-X47OPQUZ.js[22m
[2m오후 11:45:09[22m [36m[1m[vite][22m[39m [90m[2m(client)[22m[39m [32mpage reload [39m[2mC:/Users/MSI/Documents/lds_ws/lk-design-system/packages/core/dist/chunk-AFU6G6IZ.js[22m
[2m오후 11:45:09[22m [36m[1m[vite][22m[39m [90m[2m(client)[22m[39m [32mpage reload [39m[2mC:/Users/MSI/Documents/lds_ws/lk-design-system/packages/core/dist/chunk-GJ2COPCG.js[22m
[2m오후 11:45:09[22m [36m[1m[vite][22m[39m [90m[2m(client)[22m[39m [32mpage reload [39m[2mC:/Users/MSI/Documents/lds_ws/lk-design-system/packages/core/dist/chunk-WWVKQY22.js[22m
[2m오후 11:45:09[22m [36m[1m[vite][22m[39m [90m[2m(client)[22m[39m [32mpage reload [39m[2mC:/Users/MSI/Documents/lds_ws/lk-design-system/packages/core/dist/chunk-D3IB64A6.js[22m
[2m오후 11:45:09[22m [36m[1m[vite][22m[39m [90m[2m(client)[22m[39m [32mpage reload [39m[2mC:/Users/MSI/Documents/lds_ws/lk-design-system/packages/core/dist/chunk-2UHM22L2.js[22m
[2m오후 11:45:09[22m [36m[1m[vite][22m[39m [90m[2m(client)[22m[39m [32mpage reload [39m[2mC:/Users/MSI/Documents/lds_ws/lk-design-system/packages/core/dist/chunk-ODZ5FCNW.js[22m
[2m오후 11:45:09[22m [36m[1m[vite][22m[39m [90m[2m(client)[22m[39m [32mpage reload [39m[2mC:/Users/MSI/Documents/lds_ws/lk-design-system/packages/core/dist/chunk-QD42XNRW.js[22m
[2m오후 11:45:09[22m [36m[1m[vite][22m[39m [90m[2m(client)[22m[39m [32mpage reload [39m[2mC:/Users/MSI/Documents/lds_ws/lk-design-system/packages/core/dist/chunk-4IBAPO4L.js[22m
[2m오후 11:45:09[22m [36m[1m[vite][22m[39m [90m[2m(client)[22m[39m [32mhmr update [39m[2m/@id/__x00__virtual:/@storybook/builder-vite/vite-app.js[22m
[2m오후 11:45:09[22m [36m[1m[vite][22m[39m [90m[2m(client)[22m[39m [32mhmr update [39m[2m/@id/__x00__virtual:/@storybook/builder-vite/vite-app.js[22m
[2m오후 11:45:09[22m [36m[1m[vite][22m[39m [90m[2m(client)[22m[39m [32mhmr update [39m[2m/@id/__x00__virtual:/@storybook/builder-vite/vite-app.js[22m
[2m오후 11:45:09[22m [36m[1m[vite][22m[39m [90m[2m(client)[22m[39m [32mpage reload [39m[2mC:/Users/MSI/Documents/lds_ws/lk-design-system/packages/core/dist/chunk-USJRD3OL.js[22m
[2m오후 11:45:09[22m [36m[1m[vite][22m[39m [90m[2m(client)[22m[39m [32mpage reload [39m[2mC:/Users/MSI/Documents/lds_ws/lk-design-system/packages/core/dist/chunk-Y2SFLMBU.js[22m
[2m오후 11:45:09[22m [36m[1m[vite][22m[39m [90m[2m(client)[22m[39m [32mpage reload [39m[2mC:/Users/MSI/Documents/lds_ws/lk-design-system/packages/core/dist/chunk-EAU6D6QZ.js[22m
[2m오후 11:45:09[22m [36m[1m[vite][22m[39m [90m[2m(client)[22m[39m [32mpage reload [39m[2mC:/Users/MSI/Documents/lds_ws/lk-design-system/packages/core/dist/chunk-7M4UXSJC.js[22m
[2m오후 11:45:09[22m [36m[1m[vite][22m[39m [90m[2m(client)[22m[39m [32mpage reload [39m[2mC:/Users/MSI/Documents/lds_ws/lk-design-system/packages/core/dist/chunk-XN4RZ5ET.js[22m
[2m오후 11:45:09[22m [36m[1m[vite][22m[39m [90m[2m(client)[22m[39m [32mhmr update [39m[2m/@id/__x00__virtual:/@storybook/builder-vite/vite-app.js[22m
[2m오후 11:45:09[22m [36m[1m[vite][22m[39m [90m[2m(client)[22m[39m [32mhmr update [39m[2m/@id/__x00__virtual:/@storybook/builder-vite/vite-app.js[22m
[2m오후 11:45:09[22m [36m[1m[vite][22m[39m [90m[2m(client)[22m[39m [32mhmr update [39m[2m/@id/__x00__virtual:/@storybook/builder-vite/vite-app.js[22m
[2m오후 11:45:09[22m [36m[1m[vite][22m[39m [90m[2m(client)[22m[39m [32mhmr update [39m[2m/@id/__x00__virtual:/@storybook/builder-vite/vite-app.js[22m
[2m오후 11:45:10[22m [36m[1m[vite][22m[39m [90m[2m(client)[22m[39m [32mhmr update [39m[2m/@id/__x00__virtual:/@storybook/builder-vite/vite-app.js[22m
[2m오후 11:45:10[22m [36m[1m[vite][22m[39m [90m[2m(client)[22m[39m [32mhmr update [39m[2m/@id/__x00__virtual:/@storybook/builder-vite/vite-app.js[22m
[2m오후 11:45:10[22m [36m[1m[vite][22m[39m [90m[2m(client)[22m[39m [32mhmr update [39m[2m/@id/__x00__virtual:/@storybook/builder-vite/vite-app.js[22m
[2m오후 11:45:10[22m [36m[1m[vite][22m[39m [90m[2m(client)[22m[39m [32mhmr update [39m[2m/@id/__x00__virtual:/@storybook/builder-vite/vite-app.js[22m
[2m오후 11:45:10[22m [36m[1m[vite][22m[39m [90m[2m(client)[22m[39m [32mhmr update [39m[2m/@id/__x00__virtual:/@storybook/builder-vite/vite-app.js[22m
[2m오후 11:45:10[22m [36m[1m[vite][22m[39m [90m[2m(client)[22m[39m [32mpage reload [39m[2mC:/Users/MSI/Documents/lds_ws/lk-design-system/packages/core/dist/chunk-44CXNPMX.js[22m
[2m오후 11:45:10[22m [36m[1m[vite][22m[39m [90m[2m(client)[22m[39m [32mpage reload [39m[2mC:/Users/MSI/Documents/lds_ws/lk-design-system/packages/core/dist/chunk-FWHOAPJI.js[22m
[2m오후 11:45:10[22m [36m[1m[vite][22m[39m [90m[2m(client)[22m[39m [32mpage reload [39m[2mC:/Users/MSI/Documents/lds_ws/lk-design-system/packages/core/dist/chunk-2ZQEGDYM.js[22m
[2m오후 11:45:10[22m [36m[1m[vite][22m[39m [90m[2m(client)[22m[39m [32mpage reload [39m[2mC:/Users/MSI/Documents/lds_ws/lk-design-system/packages/core/dist/chunk-NX3TU4G4.js[22m
[2m오후 11:45:10[22m [36m[1m[vite][22m[39m [90m[2m(client)[22m[39m [32mpage reload [39m[2mC:/Users/MSI/Documents/lds_ws/lk-design-system/packages/core/dist/chunk-3SYW6PBT.js[22m
[2m오후 11:45:10[22m [36m[1m[vite][22m[39m [90m[2m(client)[22m[39m [32mpage reload [39m[2mC:/Users/MSI/Documents/lds_ws/lk-design-system/packages/core/dist/chunk-OACAKPKO.js[22m
[2m오후 11:45:10[22m [36m[1m[vite][22m[39m [90m[2m(client)[22m[39m [32mpage reload [39m[2mC:/Users/MSI/Documents/lds_ws/lk-design-system/packages/core/dist/chunk-V7S7GS3Q.js[22m
[2m오후 11:45:10[22m [36m[1m[vite][22m[39m [90m[2m(client)[22m[39m [32mpage reload [39m[2mC:/Users/MSI/Documents/lds_ws/lk-design-system/packages/core/dist/chunk-CN2QJHBP.js[22m
[2m오후 11:45:10[22m [36m[1m[vite][22m[39m [90m[2m(client)[22m[39m [32mpage reload [39m[2mC:/Users/MSI/Documents/lds_ws/lk-design-system/packages/core/dist/chunk-ADDLP6BM.js[22m
[2m오후 11:45:10[22m [36m[1m[vite][22m[39m [90m[2m(client)[22m[39m [32mpage reload [39m[2mC:/Users/MSI/Documents/lds_ws/lk-design-system/packages/core/dist/chunk-2QK3LAMG.js[22m
[2m오후 11:45:10[22m [36m[1m[vite][22m[39m [90m[2m(client)[22m[39m [32mpage reload [39m[2mC:/Users/MSI/Documents/lds_ws/lk-design-system/packages/core/dist/chunk-BXGCTXJX.js[22m
[2m오후 11:45:10[22m [36m[1m[vite][22m[39m [90m[2m(client)[22m[39m [32mpage reload [39m[2mC:/Users/MSI/Documents/lds_ws/lk-design-system/packages/core/dist/chunk-YIQWJFOG.js[22m
[2m오후 11:45:10[22m [36m[1m[vite][22m[39m [90m[2m(client)[22m[39m [32mpage reload [39m[2mC:/Users/MSI/Documents/lds_ws/lk-design-system/packages/core/dist/chunk-MODD6NXA.js[22m
[2m오후 11:45:10[22m [36m[1m[vite][22m[39m [90m[2m(client)[22m[39m [32mpage reload [39m[2mC:/Users/MSI/Documents/lds_ws/lk-design-system/packages/core/dist/chunk-LAPUFFHF.js[22m
[2m오후 11:45:10[22m [36m[1m[vite][22m[39m [90m[2m(client)[22m[39m [32mpage reload [39m[2mC:/Users/MSI/Documents/lds_ws/lk-design-system/packages/core/dist/chunk-5WWAHFUC.js[22m
[2m오후 11:45:10[22m [36m[1m[vite][22m[39m [90m[2m(client)[22m[39m [32mpage reload [39m[2mC:/Users/MSI/Documents/lds_ws/lk-design-system/packages/core/dist/chunk-6ELDU37X.js[22m
[2m오후 11:45:10[22m [36m[1m[vite][22m[39m [90m[2m(client)[22m[39m [32mpage reload [39m[2mC:/Users/MSI/Documents/lds_ws/lk-design-system/packages/core/dist/chunk-WWE47EYM.js[22m
[2m오후 11:45:10[22m [36m[1m[vite][22m[39m [90m[2m(client)[22m[39m [32mpage reload [39m[2mC:/Users/MSI/Documents/lds_ws/lk-design-system/packages/core/dist/chunk-6CNN7J3G.js[22m
[2m오후 11:45:10[22m [36m[1m[vite][22m[39m [90m[2m(client)[22m[39m [32mpage reload [39m[2mC:/Users/MSI/Documents/lds_ws/lk-design-system/packages/core/dist/chunk-VF5BIKHQ.js[22m
[2m오후 11:45:10[22m [36m[1m[vite][22m[39m [90m[2m(client)[22m[39m [32mpage reload [39m[2mC:/Users/MSI/Documents/lds_ws/lk-design-system/packages/core/dist/chunk-IC45UUNZ.js[22m
[2m오후 11:45:10[22m [36m[1m[vite][22m[39m [90m[2m(client)[22m[39m [32mpage reload [39m[2mC:/Users/MSI/Documents/lds_ws/lk-design-system/packages/core/dist/chunk-WDNFJ372.js[22m
[2m오후 11:45:10[22m [36m[1m[vite][22m[39m [90m[2m(client)[22m[39m [32mpage reload [39m[2mC:/Users/MSI/Documents/lds_ws/lk-design-system/packages/core/dist/chunk-24ORA7K7.js[22m
[2m오후 11:45:10[22m [36m[1m[vite][22m[39m [90m[2m(client)[22m[39m [32mpage reload [39m[2mC:/Users/MSI/Documents/lds_ws/lk-design-system/packages/core/dist/chunk-44OFG2SM.js[22m
[2m오후 11:45:10[22m [36m[1m[vite][22m[39m [90m[2m(client)[22m[39m [32mpage reload [39m[2mC:/Users/MSI/Documents/lds_ws/lk-design-system/packages/core/dist/chunk-M62B2ZNQ.js[22m
[2m오후 11:45:10[22m [36m[1m[vite][22m[39m [90m[2m(client)[22m[39m [32mpage reload [39m[2mC:/Users/MSI/Documents/lds_ws/lk-design-system/packages/core/dist/chunk-WJN7GSBY.js[22m
[2m오후 11:45:10[22m [36m[1m[vite][22m[39m [90m[2m(client)[22m[39m [32mpage reload [39m[2mC:/Users/MSI/Documents/lds_ws/lk-design-system/packages/core/dist/chunk-YRINARDR.js[22m
[2m오후 11:45:10[22m [36m[1m[vite][22m[39m [90m[2m(client)[22m[39m [32mpage reload [39m[2mC:/Users/MSI/Documents/lds_ws/lk-design-system/packages/core/dist/chunk-JG7L4M23.js[22m
[2m오후 11:45:10[22m [36m[1m[vite][22m[39m [90m[2m(client)[22m[39m [32mpage reload [39m[2mC:/Users/MSI/Documents/lds_ws/lk-design-system/packages/core/dist/chunk-U6GEJJ6G.js[22m
[2m오후 11:45:10[22m [36m[1m[vite][22m[39m [90m[2m(client)[22m[39m [32mpage reload [39m[2mC:/Users/MSI/Documents/lds_ws/lk-design-system/packages/core/dist/chunk-JHUWUWAW.js[22m
[2m오후 11:45:10[22m [36m[1m[vite][22m[39m [90m[2m(client)[22m[39m [32mpage reload [39m[2mC:/Users/MSI/Documents/lds_ws/lk-design-system/packages/core/dist/chunk-26JWL545.js[22m
[2m오후 11:45:10[22m [36m[1m[vite][22m[39m [90m[2m(client)[22m[39m [32mpage reload [39m[2mC:/Users/MSI/Documents/lds_ws/lk-design-system/packages/core/dist/chunk-UI2I2TV5.js[22m
[2m오후 11:45:10[22m [36m[1m[vite][22m[39m [90m[2m(client)[22m[39m [32mpage reload [39m[2mC:/Users/MSI/Documents/lds_ws/lk-design-system/packages/core/dist/chunk-NTECDBQW.js[22m
[2m오후 11:45:10[22m [36m[1m[vite][22m[39m [90m[2m(client)[22m[39m [32mpage reload [39m[2mC:/Users/MSI/Documents/lds_ws/lk-design-system/packages/core/dist/chunk-F7QSUROJ.js[22m
[2m오후 11:45:10[22m [36m[1m[vite][22m[39m [90m[2m(client)[22m[39m [32mpage reload [39m[2mC:/Users/MSI/Documents/lds_ws/lk-design-system/packages/core/dist/chunk-JUTMKT2R.js[22m
[2m오후 11:45:10[22m [36m[1m[vite][22m[39m [90m[2m(client)[22m[39m [32mpage reload [39m[2mC:/Users/MSI/Documents/lds_ws/lk-design-system/packages/core/dist/chunk-OEE3VP5Q.js[22m
[2m오후 11:45:10[22m [36m[1m[vite][22m[39m [90m[2m(client)[22m[39m [32mpage reload [39m[2mC:/Users/MSI/Documents/lds_ws/lk-design-system/packages/core/dist/chunk-YPIOAYJD.js[22m
[2m오후 11:45:10[22m [36m[1m[vite][22m[39m [90m[2m(client)[22m[39m [32mpage reload [39m[2mC:/Users/MSI/Documents/lds_ws/lk-design-system/packages/core/dist/chunk-XSX43JSE.js[22m
[2m오후 11:45:10[22m [36m[1m[vite][22m[39m [90m[2m(client)[22m[39m [32mpage reload [39m[2mC:/Users/MSI/Documents/lds_ws/lk-design-system/packages/core/dist/chunk-4S3NAPS2.js[22m
[2m오후 11:45:10[22m [36m[1m[vite][22m[39m [90m[2m(client)[22m[39m [32mpage reload [39m[2mC:/Users/MSI/Documents/lds_ws/lk-design-system/packages/core/dist/chunk-HRBOQUCC.js[22m
[2m오후 11:45:10[22m [36m[1m[vite][22m[39m [90m[2m(client)[22m[39m [32mpage reload [39m[2mC:/Users/MSI/Documents/lds_ws/lk-design-system/packages/core/dist/chunk-FCOPBODO.js[22m
[2m오후 11:45:10[22m [36m[1m[vite][22m[39m [90m[2m(client)[22m[39m [32mpage reload [39m[2mC:/Users/MSI/Documents/lds_ws/lk-design-system/packages/core/dist/chunk-TCRSTIDV.js[22m
[2m오후 11:45:10[22m [36m[1m[vite][22m[39m [90m[2m(client)[22m[39m [32mpage reload [39m[2mC:/Users/MSI/Documents/lds_ws/lk-design-system/packages/core/dist/chunk-VL2LVV4M.js[22m
[2m오후 11:45:10[22m [36m[1m[vite][22m[39m [90m[2m(client)[22m[39m [32mpage reload [39m[2mC:/Users/MSI/Documents/lds_ws/lk-design-system/packages/core/dist/chunk-CYOC2EZR.js[22m
[2m오후 11:45:10[22m [36m[1m[vite][22m[39m [90m[2m(client)[22m[39m [32mpage reload [39m[2mC:/Users/MSI/Documents/lds_ws/lk-design-system/packages/core/dist/chunk-GB3ZM5MF.js[22m
[2m오후 11:45:10[22m [36m[1m[vite][22m[39m [90m[2m(client)[22m[39m [32mpage reload [39m[2mC:/Users/MSI/Documents/lds_ws/lk-design-system/packages/core/dist/chunk-WAAL2U4T.js[22m
[2m오후 11:45:10[22m [36m[1m[vite][22m[39m [90m[2m(client)[22m[39m [32mpage reload [39m[2mC:/Users/MSI/Documents/lds_ws/lk-design-system/packages/core/dist/chunk-BZYGJB3K.js[22m
[2m오후 11:45:10[22m [36m[1m[vite][22m[39m [90m[2m(client)[22m[39m [32mhmr update [39m[2m/@id/__x00__virtual:/@storybook/builder-vite/vite-app.js[22m
[2m오후 11:45:10[22m [36m[1m[vite][22m[39m [90m[2m(client)[22m[39m [32mpage reload [39m[2mC:/Users/MSI/Documents/lds_ws/lk-design-system/packages/core/dist/chunk-SKT4NDEU.js[22m
[2m오후 11:45:10[22m [36m[1m[vite][22m[39m [90m[2m(client)[22m[39m [32mpage reload [39m[2mC:/Users/MSI/Documents/lds_ws/lk-design-system/packages/core/dist/chunk-PR2QBZED.js[22m
[2m오후 11:45:10[22m [36m[1m[vite][22m[39m [90m[2m(client)[22m[39m [32mpage reload [39m[2mC:/Users/MSI/Documents/lds_ws/lk-design-system/packages/core/dist/chunk-PFS7VFRK.js[22m
[2m오후 11:45:10[22m [36m[1m[vite][22m[39m [90m[2m(client)[22m[39m [32mpage reload [39m[2mC:/Users/MSI/Documents/lds_ws/lk-design-system/packages/core/dist/chunk-F72DWVHV.js[22m
[2m오후 11:45:10[22m [36m[1m[vite][22m[39m [90m[2m(client)[22m[39m [32mpage reload [39m[2mC:/Users/MSI/Documents/lds_ws/lk-design-system/packages/core/dist/chunk-NO3DAHZJ.js[22m
[2m오후 11:45:10[22m [36m[1m[vite][22m[39m [90m[2m(client)[22m[39m [32mpage reload [39m[2mC:/Users/MSI/Documents/lds_ws/lk-design-system/packages/core/dist/chunk-6U3HDUNE.js[22m
[2m오후 11:45:10[22m [36m[1m[vite][22m[39m [90m[2m(client)[22m[39m [32mpage reload [39m[2mC:/Users/MSI/Documents/lds_ws/lk-design-system/packages/core/dist/chunk-GKHJTRLN.js[22m
[2m오후 11:45:10[22m [36m[1m[vite][22m[39m [90m[2m(client)[22m[39m [32mpage reload [39m[2mC:/Users/MSI/Documents/lds_ws/lk-design-system/packages/core/dist/chunk-QJK4IP35.js[22m
[2m오후 11:45:10[22m [36m[1m[vite][22m[39m [90m[2m(client)[22m[39m [32mpage reload [39m[2mC:/Users/MSI/Documents/lds_ws/lk-design-system/packages/core/dist/chunk-QEFMLEJK.js[22m
[2m오후 11:45:10[22m [36m[1m[vite][22m[39m [90m[2m(client)[22m[39m [32mpage reload [39m[2mC:/Users/MSI/Documents/lds_ws/lk-design-system/packages/core/dist/chunk-FQL3E6QA.js[22m
[2m오후 11:45:10[22m [36m[1m[vite][22m[39m [90m[2m(client)[22m[39m [32mpage reload [39m[2mC:/Users/MSI/Documents/lds_ws/lk-design-system/packages/core/dist/chunk-UNI3MQ4S.js[22m
[2m오후 11:45:10[22m [36m[1m[vite][22m[39m [90m[2m(client)[22m[39m [32mpage reload [39m[2mC:/Users/MSI/Documents/lds_ws/lk-design-system/packages/core/dist/chunk-QVTH6CIZ.js[22m
[2m오후 11:45:10[22m [36m[1m[vite][22m[39m [90m[2m(client)[22m[39m [32mpage reload [39m[2mC:/Users/MSI/Documents/lds_ws/lk-design-system/packages/core/dist/chunk-4KEL6LVF.js[22m
[2m오후 11:45:10[22m [36m[1m[vite][22m[39m [90m[2m(client)[22m[39m [32mpage reload [39m[2mC:/Users/MSI/Documents/lds_ws/lk-design-system/packages/core/dist/chunk-EOVKICU4.js[22m
[2m오후 11:45:10[22m [36m[1m[vite][22m[39m [90m[2m(client)[22m[39m [32mpage reload [39m[2mC:/Users/MSI/Documents/lds_ws/lk-design-system/packages/core/dist/chunk-G6LGKUCV.js[22m
[2m오후 11:45:10[22m [36m[1m[vite][22m[39m [90m[2m(client)[22m[39m [32mpage reload [39m[2mC:/Users/MSI/Documents/lds_ws/lk-design-system/packages/core/dist/chunk-TR4TYXTD.js[22m
[2m오후 11:45:10[22m [36m[1m[vite][22m[39m [90m[2m(client)[22m[39m [32mpage reload [39m[2mC:/Users/MSI/Documents/lds_ws/lk-design-system/packages/core/dist/chunk-W5DUMO7Q.js[22m
[2m오후 11:45:10[22m [36m[1m[vite][22m[39m [90m[2m(client)[22m[39m [32mpage reload [39m[2mC:/Users/MSI/Documents/lds_ws/lk-design-system/packages/core/dist/chunk-5YYTHQDT.js[22m
[2m오후 11:45:10[22m [36m[1m[vite][22m[39m [90m[2m(client)[22m[39m [32mpage reload [39m[2mC:/Users/MSI/Documents/lds_ws/lk-design-system/packages/core/dist/chunk-6OBB3LM7.js[22m
[2m오후 11:45:10[22m [36m[1m[vite][22m[39m [90m[2m(client)[22m[39m [32mpage reload [39m[2mC:/Users/MSI/Documents/lds_ws/lk-design-system/packages/core/dist/chunk-OPIW6AKC.js[22m
[2m오후 11:45:10[22m [36m[1m[vite][22m[39m [90m[2m(client)[22m[39m [32mpage reload [39m[2mC:/Users/MSI/Documents/lds_ws/lk-design-system/packages/core/dist/chunk-B6GPEOJD.js[22m
[2m오후 11:45:10[22m [36m[1m[vite][22m[39m [90m[2m(client)[22m[39m [32mpage reload [39m[2mC:/Users/MSI/Documents/lds_ws/lk-design-system/packages/core/dist/chunk-AHBDWZ6A.js[22m
[2m오후 11:45:10[22m [36m[1m[vite][22m[39m [90m[2m(client)[22m[39m [32mpage reload [39m[2mC:/Users/MSI/Documents/lds_ws/lk-design-system/packages/core/dist/chunk-JPYD55H2.js[22m
[2m오후 11:45:10[22m [36m[1m[vite][22m[39m [90m[2m(client)[22m[39m [32mpage reload [39m[2mC:/Users/MSI/Documents/lds_ws/lk-design-system/packages/core/dist/chunk-4RI7FOTH.js[22m
[2m오후 11:45:10[22m [36m[1m[vite][22m[39m [90m[2m(client)[22m[39m [32mpage reload [39m[2mC:/Users/MSI/Documents/lds_ws/lk-design-system/packages/core/dist/chunk-LVWFEVQA.js[22m
[2m오후 11:45:10[22m [36m[1m[vite][22m[39m [90m[2m(client)[22m[39m [32mpage reload [39m[2mC:/Users/MSI/Documents/lds_ws/lk-design-system/packages/core/dist/chunk-6YAJTY2J.js[22m
[2m오후 11:45:10[22m [36m[1m[vite][22m[39m [90m[2m(client)[22m[39m [32mpage reload [39m[2mC:/Users/MSI/Documents/lds_ws/lk-design-system/packages/core/dist/chunk-CIRMFDJK.js[22m
[2m오후 11:45:10[22m [36m[1m[vite][22m[39m [90m[2m(client)[22m[39m [32mpage reload [39m[2mC:/Users/MSI/Documents/lds_ws/lk-design-system/packages/core/dist/chunk-V5DS3VLV.js[22m
[2m오후 11:45:10[22m [36m[1m[vite][22m[39m [90m[2m(client)[22m[39m [32mpage reload [39m[2mC:/Users/MSI/Documents/lds_ws/lk-design-system/packages/core/dist/chunk-BEHEWEDL.js[22m
[2m오후 11:45:10[22m [36m[1m[vite][22m[39m [90m[2m(client)[22m[39m [32mpage reload [39m[2mC:/Users/MSI/Documents/lds_ws/lk-design-system/packages/core/dist/chunk-S2QN6NWO.js[22m
[2m오후 11:45:10[22m [36m[1m[vite][22m[39m [90m[2m(client)[22m[39m [32mpage reload [39m[2mC:/Users/MSI/Documents/lds_ws/lk-design-system/packages/core/dist/chunk-X47OPQUZ.js[22m
[2m오후 11:45:10[22m [36m[1m[vite][22m[39m [90m[2m(client)[22m[39m [32mpage reload [39m[2mC:/Users/MSI/Documents/lds_ws/lk-design-system/packages/core/dist/chunk-AFU6G6IZ.js[22m
[2m오후 11:45:10[22m [36m[1m[vite][22m[39m [90m[2m(client)[22m[39m [32mpage reload [39m[2mC:/Users/MSI/Documents/lds_ws/lk-design-system/packages/core/dist/chunk-GJ2COPCG.js[22m
[2m오후 11:45:10[22m [36m[1m[vite][22m[39m [90m[2m(client)[22m[39m [32mpage reload [39m[2mC:/Users/MSI/Documents/lds_ws/lk-design-system/packages/core/dist/chunk-WWVKQY22.js[22m
[2m오후 11:45:10[22m [36m[1m[vite][22m[39m [90m[2m(client)[22m[39m [32mpage reload [39m[2mC:/Users/MSI/Documents/lds_ws/lk-design-system/packages/core/dist/chunk-2UHM22L2.js[22m
[2m오후 11:45:10[22m [36m[1m[vite][22m[39m [90m[2m(client)[22m[39m [32mpage reload [39m[2mC:/Users/MSI/Documents/lds_ws/lk-design-system/packages/core/dist/chunk-D3IB64A6.js[22m
[2m오후 11:45:10[22m [36m[1m[vite][22m[39m [90m[2m(client)[22m[39m [32mpage reload [39m[2mC:/Users/MSI/Documents/lds_ws/lk-design-system/packages/core/dist/chunk-ODZ5FCNW.js[22m
[2m오후 11:45:10[22m [36m[1m[vite][22m[39m [90m[2m(client)[22m[39m [32mpage reload [39m[2mC:/Users/MSI/Documents/lds_ws/lk-design-system/packages/core/dist/chunk-QD42XNRW.js[22m
[2m오후 11:45:10[22m [36m[1m[vite][22m[39m [90m[2m(client)[22m[39m [32mpage reload [39m[2mC:/Users/MSI/Documents/lds_ws/lk-design-system/packages/core/dist/chunk-4IBAPO4L.js[22m
[2m오후 11:45:10[22m [36m[1m[vite][22m[39m [90m[2m(client)[22m[39m [32mpage reload [39m[2mC:/Users/MSI/Documents/lds_ws/lk-design-system/packages/core/dist/chunk-USJRD3OL.js[22m
[2m오후 11:45:10[22m [36m[1m[vite][22m[39m [90m[2m(client)[22m[39m [32mpage reload [39m[2mC:/Users/MSI/Documents/lds_ws/lk-design-system/packages/core/dist/chunk-EAU6D6QZ.js[22m
[2m오후 11:45:10[22m [36m[1m[vite][22m[39m [90m[2m(client)[22m[39m [32mpage reload [39m[2mC:/Users/MSI/Documents/lds_ws/lk-design-system/packages/core/dist/chunk-7M4UXSJC.js[22m
[2m오후 11:45:10[22m [36m[1m[vite][22m[39m [90m[2m(client)[22m[39m [32mpage reload [39m[2mC:/Users/MSI/Documents/lds_ws/lk-design-system/packages/core/dist/chunk-Y2SFLMBU.js[22m
[2m오후 11:45:10[22m [36m[1m[vite][22m[39m [90m[2m(client)[22m[39m [32mpage reload [39m[2mC:/Users/MSI/Documents/lds_ws/lk-design-system/packages/core/dist/chunk-XN4RZ5ET.js[22m
[2m오후 11:45:13[22m [36m[1m[vite][22m[39m [90m[2m(client)[22m[39m [32mhmr update [39m[2m/@id/__x00__virtual:/@storybook/builder-vite/vite-app.js[22m
[2m오후 11:45:13[22m [36m[1m[vite][22m[39m [90m[2m(client)[22m[39m [32mhmr update [39m[2m/@id/__x00__virtual:/@storybook/builder-vite/vite-app.js[22m
[2m오후 11:45:13[22m [36m[1m[vite][22m[39m [90m[2m(client)[22m[39m [32mhmr update [39m[2m/@id/__x00__virtual:/@storybook/builder-vite/vite-app.js[22m
[2m오후 11:45:13[22m [36m[1m[vite][22m[39m [90m[2m(client)[22m[39m [32mhmr update [39m[2m/@id/__x00__virtual:/@storybook/builder-vite/vite-app.js[22m
[2m오후 11:45:13[22m [36m[1m[vite][22m[39m [90m[2m(client)[22m[39m [32mhmr update [39m[2m/@id/__x00__virtual:/@storybook/builder-vite/vite-app.js[22m
[2m오후 11:45:13[22m [36m[1m[vite][22m[39m [90m[2m(client)[22m[39m [32mhmr update [39m[2m/@id/__x00__virtual:/@storybook/builder-vite/vite-app.js[22m
[2m오후 11:45:13[22m [36m[1m[vite][22m[39m [90m[2m(client)[22m[39m [32mhmr update [39m[2m/@id/__x00__virtual:/@storybook/builder-vite/vite-app.js[22m
[2m오후 11:45:13[22m [36m[1m[vite][22m[39m [90m[2m(client)[22m[39m [32mhmr update [39m[2m/@id/__x00__virtual:/@storybook/builder-vite/vite-app.js[22m
[2m오후 11:45:13[22m [36m[1m[vite][22m[39m [90m[2m(client)[22m[39m [32mhmr update [39m[2m/@id/__x00__virtual:/@storybook/builder-vite/vite-app.js[22m
[2m오후 11:45:13[22m [36m[1m[vite][22m[39m [90m[2m(client)[22m[39m [32mhmr update [39m[2m/@id/__x00__virtual:/@storybook/builder-vite/vite-app.js[22m
[2m오후 11:45:13[22m [36m[1m[vite][22m[39m [90m[2m(client)[22m[39m [32mhmr update [39m[2m/@id/__x00__virtual:/@storybook/builder-vite/vite-app.js[22m
[2m오후 11:45:13[22m [36m[1m[vite][22m[39m [90m[2m(client)[22m[39m [32mhmr update [39m[2m/@id/__x00__virtual:/@storybook/builder-vite/vite-app.js[22m
[2m오후 11:45:13[22m [36m[1m[vite][22m[39m [90m[2m(client)[22m[39m [32mhmr update [39m[2m/@id/__x00__virtual:/@storybook/builder-vite/vite-app.js[22m
[2m오후 11:45:13[22m [36m[1m[vite][22m[39m [90m[2m(client)[22m[39m [32mhmr update [39m[2m/@id/__x00__virtual:/@storybook/builder-vite/vite-app.js[22m
[2m오후 11:45:13[22m [36m[1m[vite][22m[39m [90m[2m(client)[22m[39m [32mhmr update [39m[2m/@id/__x00__virtual:/@storybook/builder-vite/vite-app.js[22m
[2m오후 11:45:13[22m [36m[1m[vite][22m[39m [90m[2m(client)[22m[39m [32mhmr update [39m[2m/@id/__x00__virtual:/@storybook/builder-vite/vite-app.js[22m
[2m오후 11:45:13[22m [36m[1m[vite][22m[39m [90m[2m(client)[22m[39m [32mhmr update [39m[2m/@id/__x00__virtual:/@storybook/builder-vite/vite-app.js[22m
[2m오후 11:45:13[22m [36m[1m[vite][22m[39m [90m[2m(client)[22m[39m [32mhmr update [39m[2m/@id/__x00__virtual:/@storybook/builder-vite/vite-app.js[22m
[2m오후 11:45:13[22m [36m[1m[vite][22m[39m [90m[2m(client)[22m[39m [32mhmr update [39m[2m/@id/__x00__virtual:/@storybook/builder-vite/vite-app.js[22m
[2m오후 11:45:13[22m [36m[1m[vite][22m[39m [90m[2m(client)[22m[39m [32mhmr update [39m[2m/@id/__x00__virtual:/@storybook/builder-vite/vite-app.js[22m
[2m오후 11:45:13[22m [36m[1m[vite][22m[39m [90m[2m(client)[22m[39m [32mhmr update [39m[2m/@id/__x00__virtual:/@storybook/builder-vite/vite-app.js[22m
[2m오후 11:45:13[22m [36m[1m[vite][22m[39m [90m[2m(client)[22m[39m [32mhmr update [39m[2m/@id/__x00__virtual:/@storybook/builder-vite/vite-app.js[22m
[2m오후 11:45:13[22m [36m[1m[vite][22m[39m [90m[2m(client)[22m[39m [32mhmr update [39m[2m/@id/__x00__virtual:/@storybook/builder-vite/vite-app.js[22m
[2m오후 11:45:13[22m [36m[1m[vite][22m[39m [90m[2m(client)[22m[39m [32mhmr update [39m[2m/@id/__x00__virtual:/@storybook/builder-vite/vite-app.js[22m
[2m오후 11:45:13[22m [36m[1m[vite][22m[39m [90m[2m(client)[22m[39m [32mhmr update [39m[2m/@id/__x00__virtual:/@storybook/builder-vite/vite-app.js[22m
[2m오후 11:45:13[22m [36m[1m[vite][22m[39m [90m[2m(client)[22m[39m [32mhmr update [39m[2m/@id/__x00__virtual:/@storybook/builder-vite/vite-app.js[22m
[2m오후 11:45:13[22m [36m[1m[vite][22m[39m [90m[2m(client)[22m[39m [32mhmr update [39m[2m/@id/__x00__virtual:/@storybook/builder-vite/vite-app.js[22m
[2m오후 11:45:13[22m [36m[1m[vite][22m[39m [90m[2m(client)[22m[39m [32mhmr update [39m[2m/@id/__x00__virtual:/@storybook/builder-vite/vite-app.js[22m
[2m오후 11:45:13[22m [36m[1m[vite][22m[39m [90m[2m(client)[22m[39m [32mhmr update [39m[2m/@id/__x00__virtual:/@storybook/builder-vite/vite-app.js[22m
[2m오후 11:45:13[22m [36m[1m[vite][22m[39m [90m[2m(client)[22m[39m [32mhmr update [39m[2m/@id/__x00__virtual:/@storybook/builder-vite/vite-app.js[22m
[2m오후 11:45:13[22m [36m[1m[vite][22m[39m [90m[2m(client)[22m[39m [32mhmr update [39m[2m/@id/__x00__virtual:/@storybook/builder-vite/vite-app.js[22m
[2m오후 11:45:13[22m [36m[1m[vite][22m[39m [90m[2m(client)[22m[39m [32mhmr update [39m[2m/@id/__x00__virtual:/@storybook/builder-vite/vite-app.js[22m
[2m오후 11:45:13[22m [36m[1m[vite][22m[39m [90m[2m(client)[22m[39m [32mhmr update [39m[2m/@id/__x00__virtual:/@storybook/builder-vite/vite-app.js[22m
[2m오후 11:45:13[22m [36m[1m[vite][22m[39m [90m[2m(client)[22m[39m [32mhmr update [39m[2m/@id/__x00__virtual:/@storybook/builder-vite/vite-app.js[22m
[2m오후 11:45:13[22m [36m[1m[vite][22m[39m [90m[2m(client)[22m[39m [32mhmr update [39m[2m/@id/__x00__virtual:/@storybook/builder-vite/vite-app.js[22m
[2m오후 11:45:13[22m [36m[1m[vite][22m[39m [90m[2m(client)[22m[39m [32mhmr update [39m[2m/@id/__x00__virtual:/@storybook/builder-vite/vite-app.js[22m
[2m오후 11:45:13[22m [36m[1m[vite][22m[39m [90m[2m(client)[22m[39m [32mhmr update [39m[2m/@id/__x00__virtual:/@storybook/builder-vite/vite-app.js[22m
[2m오후 11:45:13[22m [36m[1m[vite][22m[39m [90m[2m(client)[22m[39m [32mhmr update [39m[2m/@id/__x00__virtual:/@storybook/builder-vite/vite-app.js[22m
[2m오후 11:45:13[22m [36m[1m[vite][22m[39m [90m[2m(client)[22m[39m [32mhmr update [39m[2m/@id/__x00__virtual:/@storybook/builder-vite/vite-app.js[22m
[2m오후 11:45:13[22m [36m[1m[vite][22m[39m [90m[2m(client)[22m[39m [32mhmr update [39m[2m/@id/__x00__virtual:/@storybook/builder-vite/vite-app.js[22m
[2m오후 11:45:13[22m [36m[1m[vite][22m[39m [90m[2m(client)[22m[39m [32mhmr update [39m[2m/@id/__x00__virtual:/@storybook/builder-vite/vite-app.js[22m
[2m오후 11:45:13[22m [36m[1m[vite][22m[39m [90m[2m(client)[22m[39m [32mhmr update [39m[2m/@id/__x00__virtual:/@storybook/builder-vite/vite-app.js[22m
[2m오후 11:45:13[22m [36m[1m[vite][22m[39m [90m[2m(client)[22m[39m [32mhmr update [39m[2m/@id/__x00__virtual:/@storybook/builder-vite/vite-app.js[22m
[2m오후 11:45:13[22m [36m[1m[vite][22m[39m [90m[2m(client)[22m[39m [32mhmr update [39m[2m/@id/__x00__virtual:/@storybook/builder-vite/vite-app.js[22m
[2m오후 11:45:13[22m [36m[1m[vite][22m[39m [90m[2m(client)[22m[39m [32mhmr update [39m[2m/@id/__x00__virtual:/@storybook/builder-vite/vite-app.js[22m
[2m오후 11:45:13[22m [36m[1m[vite][22m[39m [90m[2m(client)[22m[39m [32mhmr update [39m[2m/@id/__x00__virtual:/@storybook/builder-vite/vite-app.js[22m
[2m오후 11:45:13[22m [36m[1m[vite][22m[39m [90m[2m(client)[22m[39m [32mhmr update [39m[2m/@id/__x00__virtual:/@storybook/builder-vite/vite-app.js[22m
[2m오후 11:45:13[22m [36m[1m[vite][22m[39m [90m[2m(client)[22m[39m [32mhmr update [39m[2m/@id/__x00__virtual:/@storybook/builder-vite/vite-app.js[22m
[2m오후 11:45:13[22m [36m[1m[vite][22m[39m [90m[2m(client)[22m[39m [32mhmr update [39m[2m/@id/__x00__virtual:/@storybook/builder-vite/vite-app.js[22m
[2m오후 11:45:13[22m [36m[1m[vite][22m[39m [90m[2m(client)[22m[39m [32mhmr update [39m[2m/@id/__x00__virtual:/@storybook/builder-vite/vite-app.js[22m
[2m오후 11:45:13[22m [36m[1m[vite][22m[39m [90m[2m(client)[22m[39m [32mhmr update [39m[2m/@id/__x00__virtual:/@storybook/builder-vite/vite-app.js[22m
[2m오후 11:45:13[22m [36m[1m[vite][22m[39m [90m[2m(client)[22m[39m [32mhmr update [39m[2m/@id/__x00__virtual:/@storybook/builder-vite/vite-app.js[22m
[2m오후 11:45:13[22m [36m[1m[vite][22m[39m [90m[2m(client)[22m[39m [32mhmr update [39m[2m/@id/__x00__virtual:/@storybook/builder-vite/vite-app.js[22m
[2m오후 11:45:13[22m [36m[1m[vite][22m[39m [90m[2m(client)[22m[39m [32mhmr update [39m[2m/@id/__x00__virtual:/@storybook/builder-vite/vite-app.js[22m
[2m오후 11:45:13[22m [36m[1m[vite][22m[39m [90m[2m(client)[22m[39m [32mhmr update [39m[2m/@id/__x00__virtual:/@storybook/builder-vite/vite-app.js[22m
[2m오후 11:45:13[22m [36m[1m[vite][22m[39m [90m[2m(client)[22m[39m [32mhmr update [39m[2m/@id/__x00__virtual:/@storybook/builder-vite/vite-app.js[22m
[2m오후 11:45:13[22m [36m[1m[vite][22m[39m [90m[2m(client)[22m[39m [32mhmr update [39m[2m/@id/__x00__virtual:/@storybook/builder-vite/vite-app.js[22m
[2m오후 11:45:13[22m [36m[1m[vite][22m[39m [90m[2m(client)[22m[39m [32mhmr update [39m[2m/@id/__x00__virtual:/@storybook/builder-vite/vite-app.js[22m
[2m오후 11:45:13[22m [36m[1m[vite][22m[39m [90m[2m(client)[22m[39m [32mhmr update [39m[2m/@id/__x00__virtual:/@storybook/builder-vite/vite-app.js[22m
[2m오후 11:45:13[22m [36m[1m[vite][22m[39m [90m[2m(client)[22m[39m [32mhmr update [39m[2m/@id/__x00__virtual:/@storybook/builder-vite/vite-app.js[22m
[2m오후 11:45:13[22m [36m[1m[vite][22m[39m [90m[2m(client)[22m[39m [32mhmr update [39m[2m/@id/__x00__virtual:/@storybook/builder-vite/vite-app.js[22m
[2m오후 11:45:13[22m [36m[1m[vite][22m[39m [90m[2m(client)[22m[39m [32mhmr update [39m[2m/@id/__x00__virtual:/@storybook/builder-vite/vite-app.js[22m
[2m오후 11:45:13[22m [36m[1m[vite][22m[39m [90m[2m(client)[22m[39m [32mhmr update [39m[2m/@id/__x00__virtual:/@storybook/builder-vite/vite-app.js[22m
[2m오후 11:45:13[22m [36m[1m[vite][22m[39m [90m[2m(client)[22m[39m [32mhmr update [39m[2m/@id/__x00__virtual:/@storybook/builder-vite/vite-app.js[22m
[2m오후 11:45:13[22m [36m[1m[vite][22m[39m [90m[2m(client)[22m[39m [32mhmr update [39m[2m/@id/__x00__virtual:/@storybook/builder-vite/vite-app.js[22m
[2m오후 11:45:13[22m [36m[1m[vite][22m[39m [90m[2m(client)[22m[39m [32mhmr update [39m[2m/@id/__x00__virtual:/@storybook/builder-vite/vite-app.js[22m
[2m오후 11:45:13[22m [36m[1m[vite][22m[39m [90m[2m(client)[22m[39m [32mhmr update [39m[2m/@id/__x00__virtual:/@storybook/builder-vite/vite-app.js[22m
[2m오후 11:45:13[22m [36m[1m[vite][22m[39m [90m[2m(client)[22m[39m [32mhmr update [39m[2m/@id/__x00__virtual:/@storybook/builder-vite/vite-app.js[22m
[2m오후 11:45:13[22m [36m[1m[vite][22m[39m [90m[2m(client)[22m[39m [32mhmr update [39m[2m/@id/__x00__virtual:/@storybook/builder-vite/vite-app.js[22m
[2m오후 11:45:13[22m [36m[1m[vite][22m[39m [90m[2m(client)[22m[39m [32mhmr update [39m[2m/@id/__x00__virtual:/@storybook/builder-vite/vite-app.js[22m
[2m오후 11:45:13[22m [36m[1m[vite][22m[39m [90m[2m(client)[22m[39m [32mhmr update [39m[2m/@id/__x00__virtual:/@storybook/builder-vite/vite-app.js[22m
[2m오후 11:45:13[22m [36m[1m[vite][22m[39m [90m[2m(client)[22m[39m [32mhmr update [39m[2m/@id/__x00__virtual:/@storybook/builder-vite/vite-app.js[22m
[2m오후 11:45:13[22m [36m[1m[vite][22m[39m [90m[2m(client)[22m[39m [32mhmr update [39m[2m/@id/__x00__virtual:/@storybook/builder-vite/vite-app.js[22m
[2m오후 11:45:13[22m [36m[1m[vite][22m[39m [90m[2m(client)[22m[39m [32mhmr update [39m[2m/@id/__x00__virtual:/@storybook/builder-vite/vite-app.js[22m
[2m오후 11:45:13[22m [36m[1m[vite][22m[39m [90m[2m(client)[22m[39m [32mhmr update [39m[2m/@id/__x00__virtual:/@storybook/builder-vite/vite-app.js[22m
[2m오후 11:45:13[22m [36m[1m[vite][22m[39m [90m[2m(client)[22m[39m [32mhmr update [39m[2m/@id/__x00__virtual:/@storybook/builder-vite/vite-app.js[22m
[2m오후 11:45:13[22m [36m[1m[vite][22m[39m [90m[2m(client)[22m[39m [32mhmr update [39m[2m/@id/__x00__virtual:/@storybook/builder-vite/vite-app.js[22m
[2m오후 11:45:13[22m [36m[1m[vite][22m[39m [90m[2m(client)[22m[39m [32mhmr update [39m[2m/@id/__x00__virtual:/@storybook/builder-vite/vite-app.js[22m
[2m오후 11:45:13[22m [36m[1m[vite][22m[39m [90m[2m(client)[22m[39m [32mhmr update [39m[2m/@id/__x00__virtual:/@storybook/builder-vite/vite-app.js[22m
[2m오후 11:45:13[22m [36m[1m[vite][22m[39m [90m[2m(client)[22m[39m [32mhmr update [39m[2m/@id/__x00__virtual:/@storybook/builder-vite/vite-app.js[22m
[2m오후 11:45:13[22m [36m[1m[vite][22m[39m [90m[2m(client)[22m[39m [32mhmr update [39m[2m/@id/__x00__virtual:/@storybook/builder-vite/vite-app.js[22m
[2m오후 11:45:13[22m [36m[1m[vite][22m[39m [90m[2m(client)[22m[39m [32mhmr update [39m[2m/@id/__x00__virtual:/@storybook/builder-vite/vite-app.js[22m
[2m오후 11:45:13[22m [36m[1m[vite][22m[39m [90m[2m(client)[22m[39m [32mhmr update [39m[2m/@id/__x00__virtual:/@storybook/builder-vite/vite-app.js[22m
[2m오후 11:45:13[22m [36m[1m[vite][22m[39m [90m[2m(client)[22m[39m [32mhmr update [39m[2m/@id/__x00__virtual:/@storybook/builder-vite/vite-app.js[22m
[2m오후 11:45:13[22m [36m[1m[vite][22m[39m [90m[2m(client)[22m[39m [32mhmr update [39m[2m/@id/__x00__virtual:/@storybook/builder-vite/vite-app.js[22m
[2m오후 11:45:13[22m [36m[1m[vite][22m[39m [90m[2m(client)[22m[39m [32mhmr update [39m[2m/@id/__x00__virtual:/@storybook/builder-vite/vite-app.js[22m
[2m오후 11:45:13[22m [36m[1m[vite][22m[39m [90m[2m(client)[22m[39m [32mhmr update [39m[2m/@id/__x00__virtual:/@storybook/builder-vite/vite-app.js[22m
[2m오후 11:45:13[22m [36m[1m[vite][22m[39m [90m[2m(client)[22m[39m [32mhmr update [39m[2m/@id/__x00__virtual:/@storybook/builder-vite/vite-app.js[22m
[2m오후 11:45:13[22m [36m[1m[vite][22m[39m [90m[2m(client)[22m[39m [32mhmr update [39m[2m/@id/__x00__virtual:/@storybook/builder-vite/vite-app.js[22m
[2m오후 11:45:13[22m [36m[1m[vite][22m[39m [90m[2m(client)[22m[39m [32mhmr update [39m[2m/@id/__x00__virtual:/@storybook/builder-vite/vite-app.js[22m
[2m오후 11:45:14[22m [36m[1m[vite][22m[39m [90m[2m(client)[22m[39m [32mhmr update [39m[2m/@id/__x00__virtual:/@storybook/builder-vite/vite-app.js[22m
[2m오후 11:45:14[22m [36m[1m[vite][22m[39m [90m[2m(client)[22m[39m [32mhmr update [39m[2m/@id/__x00__virtual:/@storybook/builder-vite/vite-app.js[22m
[2m오후 11:45:14[22m [36m[1m[vite][22m[39m [90m[2m(client)[22m[39m [32mhmr update [39m[2m/@id/__x00__virtual:/@storybook/builder-vite/vite-app.js[22m
[2m오후 11:45:14[22m [36m[1m[vite][22m[39m [90m[2m(client)[22m[39m [32mhmr update [39m[2m/@id/__x00__virtual:/@storybook/builder-vite/vite-app.js[22m
[2m오후 11:45:14[22m [36m[1m[vite][22m[39m [90m[2m(client)[22m[39m [32mhmr update [39m[2m/@id/__x00__virtual:/@storybook/builder-vite/vite-app.js[22m
[2m오후 11:45:14[22m [36m[1m[vite][22m[39m [90m[2m(client)[22m[39m [32mhmr update [39m[2m/@id/__x00__virtual:/@storybook/builder-vite/vite-app.js[22m
[2m오후 11:45:14[22m [36m[1m[vite][22m[39m [90m[2m(client)[22m[39m [32mhmr update [39m[2m/@id/__x00__virtual:/@storybook/builder-vite/vite-app.js[22m
[2m오후 11:45:14[22m [36m[1m[vite][22m[39m [90m[2m(client)[22m[39m [32mhmr update [39m[2m/@id/__x00__virtual:/@storybook/builder-vite/vite-app.js[22m
[2m오후 11:45:14[22m [36m[1m[vite][22m[39m [90m[2m(client)[22m[39m [32mhmr update [39m[2m/@id/__x00__virtual:/@storybook/builder-vite/vite-app.js[22m
[2m오후 11:45:14[22m [36m[1m[vite][22m[39m [90m[2m(client)[22m[39m [32mhmr update [39m[2m/@id/__x00__virtual:/@storybook/builder-vite/vite-app.js[22m
[2m오후 11:45:14[22m [36m[1m[vite][22m[39m [90m[2m(client)[22m[39m [32mhmr update [39m[2m/@id/__x00__virtual:/@storybook/builder-vite/vite-app.js[22m
[2m오후 11:45:14[22m [36m[1m[vite][22m[39m [90m[2m(client)[22m[39m [32mhmr update [39m[2m/@id/__x00__virtual:/@storybook/builder-vite/vite-app.js[22m
[2m오후 11:45:14[22m [36m[1m[vite][22m[39m [90m[2m(client)[22m[39m [32mhmr update [39m[2m/@id/__x00__virtual:/@storybook/builder-vite/vite-app.js[22m
[2m오후 11:45:14[22m [36m[1m[vite][22m[39m [90m[2m(client)[22m[39m [32mhmr update [39m[2m/@id/__x00__virtual:/@storybook/builder-vite/vite-app.js[22m
[2m오후 11:45:14[22m [36m[1m[vite][22m[39m [90m[2m(client)[22m[39m [32mhmr update [39m[2m/@id/__x00__virtual:/@storybook/builder-vite/vite-app.js[22m
[2m오후 11:45:14[22m [36m[1m[vite][22m[39m [90m[2m(client)[22m[39m [32mhmr update [39m[2m/@id/__x00__virtual:/@storybook/builder-vite/vite-app.js[22m
[2m오후 11:45:14[22m [36m[1m[vite][22m[39m [90m[2m(client)[22m[39m [32mhmr update [39m[2m/@id/__x00__virtual:/@storybook/builder-vite/vite-app.js[22m
[2m오후 11:45:14[22m [36m[1m[vite][22m[39m [90m[2m(client)[22m[39m [32mhmr update [39m[2m/@id/__x00__virtual:/@storybook/builder-vite/vite-app.js[22m
[2m오후 11:45:14[22m [36m[1m[vite][22m[39m [90m[2m(client)[22m[39m [32mhmr update [39m[2m/@id/__x00__virtual:/@storybook/builder-vite/vite-app.js[22m
[2m오후 11:45:14[22m [36m[1m[vite][22m[39m [90m[2m(client)[22m[39m [32mhmr update [39m[2m/@id/__x00__virtual:/@storybook/builder-vite/vite-app.js[22m
[2m오후 11:45:14[22m [36m[1m[vite][22m[39m [90m[2m(client)[22m[39m [32mhmr update [39m[2m/@id/__x00__virtual:/@storybook/builder-vite/vite-app.js[22m
[2m오후 11:45:14[22m [36m[1m[vite][22m[39m [90m[2m(client)[22m[39m [32mhmr update [39m[2m/@id/__x00__virtual:/@storybook/builder-vite/vite-app.js[22m
[2m오후 11:45:14[22m [36m[1m[vite][22m[39m [90m[2m(client)[22m[39m [32mhmr update [39m[2m/@id/__x00__virtual:/@storybook/builder-vite/vite-app.js[22m
[2m오후 11:45:14[22m [36m[1m[vite][22m[39m [90m[2m(client)[22m[39m [32mhmr update [39m[2m/@id/__x00__virtual:/@storybook/builder-vite/vite-app.js[22m
[2m오후 11:45:14[22m [36m[1m[vite][22m[39m [90m[2m(client)[22m[39m [32mhmr update [39m[2m/@id/__x00__virtual:/@storybook/builder-vite/vite-app.js[22m
[2m오후 11:45:14[22m [36m[1m[vite][22m[39m [90m[2m(client)[22m[39m [32mhmr update [39m[2m/@id/__x00__virtual:/@storybook/builder-vite/vite-app.js[22m
[2m오후 11:45:14[22m [36m[1m[vite][22m[39m [90m[2m(client)[22m[39m [32mhmr update [39m[2m/@id/__x00__virtual:/@storybook/builder-vite/vite-app.js[22m
[2m오후 11:45:14[22m [36m[1m[vite][22m[39m [90m[2m(client)[22m[39m [32mhmr update [39m[2m/@id/__x00__virtual:/@storybook/builder-vite/vite-app.js[22m
[2m오후 11:45:14[22m [36m[1m[vite][22m[39m [90m[2m(client)[22m[39m [32mhmr update [39m[2m/@id/__x00__virtual:/@storybook/builder-vite/vite-app.js[22m
[2m오후 11:45:14[22m [36m[1m[vite][22m[39m [90m[2m(client)[22m[39m [32mhmr update [39m[2m/@id/__x00__virtual:/@storybook/builder-vite/vite-app.js[22m
[2m오후 11:45:14[22m [36m[1m[vite][22m[39m [90m[2m(client)[22m[39m [32mhmr update [39m[2m/@id/__x00__virtual:/@storybook/builder-vite/vite-app.js[22m
[2m오후 11:45:14[22m [36m[1m[vite][22m[39m [90m[2m(client)[22m[39m [32mhmr update [39m[2m/@id/__x00__virtual:/@storybook/builder-vite/vite-app.js[22m
[2m오후 11:45:14[22m [36m[1m[vite][22m[39m [90m[2m(client)[22m[39m [32mhmr update [39m[2m/@id/__x00__virtual:/@storybook/builder-vite/vite-app.js[22m
[2m오후 11:45:14[22m [36m[1m[vite][22m[39m [90m[2m(client)[22m[39m [32mhmr update [39m[2m/@id/__x00__virtual:/@storybook/builder-vite/vite-app.js[22m
[2m오후 11:45:14[22m [36m[1m[vite][22m[39m [90m[2m(client)[22m[39m [32mhmr update [39m[2m/@id/__x00__virtual:/@storybook/builder-vite/vite-app.js[22m
[2m오후 11:45:14[22m [36m[1m[vite][22m[39m [90m[2m(client)[22m[39m [32mhmr update [39m[2m/@id/__x00__virtual:/@storybook/builder-vite/vite-app.js[22m
[2m오후 11:45:14[22m [36m[1m[vite][22m[39m [90m[2m(client)[22m[39m [32mhmr update [39m[2m/@id/__x00__virtual:/@storybook/builder-vite/vite-app.js[22m
[2m오후 11:45:14[22m [36m[1m[vite][22m[39m [90m[2m(client)[22m[39m [32mhmr update [39m[2m/@id/__x00__virtual:/@storybook/builder-vite/vite-app.js[22m
[2m오후 11:45:14[22m [36m[1m[vite][22m[39m [90m[2m(client)[22m[39m [32mhmr update [39m[2m/@id/__x00__virtual:/@storybook/builder-vite/vite-app.js[22m
[2m오후 11:45:14[22m [36m[1m[vite][22m[39m [90m[2m(client)[22m[39m [32mhmr update [39m[2m/@id/__x00__virtual:/@storybook/builder-vite/vite-app.js[22m
[2m오후 11:45:14[22m [36m[1m[vite][22m[39m [90m[2m(client)[22m[39m [32mhmr update [39m[2m/@id/__x00__virtual:/@storybook/builder-vite/vite-app.js[22m
[2m오후 11:45:14[22m [36m[1m[vite][22m[39m [90m[2m(client)[22m[39m [32mhmr update [39m[2m/@id/__x00__virtual:/@storybook/builder-vite/vite-app.js[22m
[2m오후 11:45:14[22m [36m[1m[vite][22m[39m [90m[2m(client)[22m[39m [32mhmr update [39m[2m/@id/__x00__virtual:/@storybook/builder-vite/vite-app.js[22m
[2m오후 11:45:14[22m [36m[1m[vite][22m[39m [90m[2m(client)[22m[39m [32mhmr update [39m[2m/@id/__x00__virtual:/@storybook/builder-vite/vite-app.js[22m
[2m오후 11:45:14[22m [36m[1m[vite][22m[39m [90m[2m(client)[22m[39m [32mhmr update [39m[2m/@id/__x00__virtual:/@storybook/builder-vite/vite-app.js[22m
[2m오후 11:45:14[22m [36m[1m[vite][22m[39m [90m[2m(client)[22m[39m [32mhmr update [39m[2m/@id/__x00__virtual:/@storybook/builder-vite/vite-app.js[22m
[2m오후 11:45:14[22m [36m[1m[vite][22m[39m [90m[2m(client)[22m[39m [32mhmr update [39m[2m/@id/__x00__virtual:/@storybook/builder-vite/vite-app.js[22m
[2m오후 11:45:14[22m [36m[1m[vite][22m[39m [90m[2m(client)[22m[39m [32mhmr update [39m[2m/@id/__x00__virtual:/@storybook/builder-vite/vite-app.js[22m
[2m오후 11:45:14[22m [36m[1m[vite][22m[39m [90m[2m(client)[22m[39m [32mhmr update [39m[2m/@id/__x00__virtual:/@storybook/builder-vite/vite-app.js[22m
[2m오후 11:45:14[22m [36m[1m[vite][22m[39m [90m[2m(client)[22m[39m [32mhmr update [39m[2m/@id/__x00__virtual:/@storybook/builder-vite/vite-app.js[22m
[2m오후 11:45:14[22m [36m[1m[vite][22m[39m [90m[2m(client)[22m[39m [32mhmr update [39m[2m/@id/__x00__virtual:/@storybook/builder-vite/vite-app.js[22m
[2m오후 11:45:14[22m [36m[1m[vite][22m[39m [90m[2m(client)[22m[39m [32mhmr update [39m[2m/@id/__x00__virtual:/@storybook/builder-vite/vite-app.js[22m
[2m오후 11:45:14[22m [36m[1m[vite][22m[39m [90m[2m(client)[22m[39m [32mhmr update [39m[2m/@id/__x00__virtual:/@storybook/builder-vite/vite-app.js[22m
[2m오후 11:45:14[22m [36m[1m[vite][22m[39m [90m[2m(client)[22m[39m [32mhmr update [39m[2m/@id/__x00__virtual:/@storybook/builder-vite/vite-app.js[22m
[2m오후 11:45:14[22m [36m[1m[vite][22m[39m [90m[2m(client)[22m[39m [32mhmr update [39m[2m/@id/__x00__virtual:/@storybook/builder-vite/vite-app.js[22m
[2m오후 11:45:14[22m [36m[1m[vite][22m[39m [90m[2m(client)[22m[39m [32mhmr update [39m[2m/@id/__x00__virtual:/@storybook/builder-vite/vite-app.js[22m
[2m오후 11:45:14[22m [36m[1m[vite][22m[39m [90m[2m(client)[22m[39m [32mhmr update [39m[2m/@id/__x00__virtual:/@storybook/builder-vite/vite-app.js[22m
[2m오후 11:45:14[22m [36m[1m[vite][22m[39m [90m[2m(client)[22m[39m [32mhmr update [39m[2m/@id/__x00__virtual:/@storybook/builder-vite/vite-app.js[22m
[2m오후 11:45:14[22m [36m[1m[vite][22m[39m [90m[2m(client)[22m[39m [32mhmr update [39m[2m/@id/__x00__virtual:/@storybook/builder-vite/vite-app.js[22m
[2m오후 11:45:14[22m [36m[1m[vite][22m[39m [90m[2m(client)[22m[39m [32mhmr update [39m[2m/@id/__x00__virtual:/@storybook/builder-vite/vite-app.js[22m
[2m오후 11:45:14[22m [36m[1m[vite][22m[39m [90m[2m(client)[22m[39m [32mhmr update [39m[2m/@id/__x00__virtual:/@storybook/builder-vite/vite-app.js[22m
[2m오후 11:45:14[22m [36m[1m[vite][22m[39m [90m[2m(client)[22m[39m [32mhmr update [39m[2m/@id/__x00__virtual:/@storybook/builder-vite/vite-app.js[22m
[2m오후 11:45:14[22m [36m[1m[vite][22m[39m [90m[2m(client)[22m[39m [32mhmr update [39m[2m/@id/__x00__virtual:/@storybook/builder-vite/vite-app.js[22m
[2m오후 11:45:14[22m [36m[1m[vite][22m[39m [90m[2m(client)[22m[39m [32mhmr update [39m[2m/@id/__x00__virtual:/@storybook/builder-vite/vite-app.js[22m
[2m오후 11:45:14[22m [36m[1m[vite][22m[39m [90m[2m(client)[22m[39m [32mhmr update [39m[2m/@id/__x00__virtual:/@storybook/builder-vite/vite-app.js[22m
[2m오후 11:45:14[22m [36m[1m[vite][22m[39m [90m[2m(client)[22m[39m [32mhmr update [39m[2m/@id/__x00__virtual:/@storybook/builder-vite/vite-app.js[22m
[2m오후 11:45:14[22m [36m[1m[vite][22m[39m [90m[2m(client)[22m[39m [32mhmr update [39m[2m/@id/__x00__virtual:/@storybook/builder-vite/vite-app.js[22m
[2m오후 11:45:14[22m [36m[1m[vite][22m[39m [90m[2m(client)[22m[39m [32mhmr update [39m[2m/@id/__x00__virtual:/@storybook/builder-vite/vite-app.js[22m
[2m오후 11:45:14[22m [36m[1m[vite][22m[39m [90m[2m(client)[22m[39m [32mhmr update [39m[2m/@id/__x00__virtual:/@storybook/builder-vite/vite-app.js[22m
[2m오후 11:45:14[22m [36m[1m[vite][22m[39m [90m[2m(client)[22m[39m [32mhmr update [39m[2m/@id/__x00__virtual:/@storybook/builder-vite/vite-app.js[22m
[2m오후 11:45:14[22m [36m[1m[vite][22m[39m [90m[2m(client)[22m[39m [32mhmr update [39m[2m/@id/__x00__virtual:/@storybook/builder-vite/vite-app.js[22m
[2m오후 11:45:14[22m [36m[1m[vite][22m[39m [90m[2m(client)[22m[39m [32mhmr update [39m[2m/@id/__x00__virtual:/@storybook/builder-vite/vite-app.js[22m
[2m오후 11:45:14[22m [36m[1m[vite][22m[39m [90m[2m(client)[22m[39m [32mhmr update [39m[2m/@id/__x00__virtual:/@storybook/builder-vite/vite-app.js[22m
[2m오후 11:45:14[22m [36m[1m[vite][22m[39m [90m[2m(client)[22m[39m [32mhmr update [39m[2m/@id/__x00__virtual:/@storybook/builder-vite/vite-app.js[22m
[2m오후 11:45:14[22m [36m[1m[vite][22m[39m [90m[2m(client)[22m[39m [32mhmr update [39m[2m/@id/__x00__virtual:/@storybook/builder-vite/vite-app.js[22m
[2m오후 11:45:14[22m [36m[1m[vite][22m[39m [90m[2m(client)[22m[39m [32mhmr update [39m[2m/@id/__x00__virtual:/@storybook/builder-vite/vite-app.js[22m
[2m오후 11:45:14[22m [36m[1m[vite][22m[39m [90m[2m(client)[22m[39m [32mhmr update [39m[2m/@id/__x00__virtual:/@storybook/builder-vite/vite-app.js[22m
[2m오후 11:45:14[22m [36m[1m[vite][22m[39m [90m[2m(client)[22m[39m [32mhmr update [39m[2m/@id/__x00__virtual:/@storybook/builder-vite/vite-app.js[22m
[2m오후 11:45:14[22m [36m[1m[vite][22m[39m [90m[2m(client)[22m[39m [32mhmr update [39m[2m/@id/__x00__virtual:/@storybook/builder-vite/vite-app.js[22m
[2m오후 11:45:14[22m [36m[1m[vite][22m[39m [90m[2m(client)[22m[39m [32mhmr update [39m[2m/@id/__x00__virtual:/@storybook/builder-vite/vite-app.js[22m
[2m오후 11:45:14[22m [36m[1m[vite][22m[39m [90m[2m(client)[22m[39m [32mhmr update [39m[2m/@id/__x00__virtual:/@storybook/builder-vite/vite-app.js[22m
[2m오후 11:45:14[22m [36m[1m[vite][22m[39m [90m[2m(client)[22m[39m [32mhmr update [39m[2m/@id/__x00__virtual:/@storybook/builder-vite/vite-app.js[22m
[2m오후 11:45:14[22m [36m[1m[vite][22m[39m [90m[2m(client)[22m[39m [32mhmr update [39m[2m/@id/__x00__virtual:/@storybook/builder-vite/vite-app.js[22m
[2m오후 11:45:14[22m [36m[1m[vite][22m[39m [90m[2m(client)[22m[39m [32mhmr update [39m[2m/@id/__x00__virtual:/@storybook/builder-vite/vite-app.js[22m
[2m오후 11:45:14[22m [36m[1m[vite][22m[39m [90m[2m(client)[22m[39m [32mhmr update [39m[2m/@id/__x00__virtual:/@storybook/builder-vite/vite-app.js[22m
[2m오후 11:45:14[22m [36m[1m[vite][22m[39m [90m[2m(client)[22m[39m [32mhmr update [39m[2m/@id/__x00__virtual:/@storybook/builder-vite/vite-app.js[22m
[2m오후 11:45:14[22m [36m[1m[vite][22m[39m [90m[2m(client)[22m[39m [32mhmr update [39m[2m/@id/__x00__virtual:/@storybook/builder-vite/vite-app.js[22m
[2m오후 11:45:14[22m [36m[1m[vite][22m[39m [90m[2m(client)[22m[39m [32mhmr update [39m[2m/@id/__x00__virtual:/@storybook/builder-vite/vite-app.js[22m
[2m오후 11:45:14[22m [36m[1m[vite][22m[39m [90m[2m(client)[22m[39m [32mhmr update [39m[2m/@id/__x00__virtual:/@storybook/builder-vite/vite-app.js[22m
[2m오후 11:45:14[22m [36m[1m[vite][22m[39m [90m[2m(client)[22m[39m [32mhmr update [39m[2m/@id/__x00__virtual:/@storybook/builder-vite/vite-app.js[22m
[2m오후 11:45:14[22m [36m[1m[vite][22m[39m [90m[2m(client)[22m[39m [32mhmr update [39m[2m/@id/__x00__virtual:/@storybook/builder-vite/vite-app.js[22m
[2m오후 11:45:14[22m [36m[1m[vite][22m[39m [90m[2m(client)[22m[39m [32mhmr update [39m[2m/@id/__x00__virtual:/@storybook/builder-vite/vite-app.js[22m
[2m오후 11:45:14[22m [36m[1m[vite][22m[39m [90m[2m(client)[22m[39m [32mhmr update [39m[2m/@id/__x00__virtual:/@storybook/builder-vite/vite-app.js[22m
[2m오후 11:45:14[22m [36m[1m[vite][22m[39m [90m[2m(client)[22m[39m [32mhmr update [39m[2m/@id/__x00__virtual:/@storybook/builder-vite/vite-app.js[22m
